,NAV,Change
1871-01-01,52.26102931843188,0.003378948169044566
1871-02-01,52.43761662775978,0.0032190048279637463
1871-03-01,52.60641356885145,0.0030645323597743752
1871-04-01,52.76762762556487,0.0029154832181997885
1871-05-01,52.92147075837142,0.00277181049355506
1871-06-01,53.06815904635384,0.0026334677925771706
1871-07-01,53.20791233401378,0.002500409127276213
1871-08-01,53.34095388365706,0.0023725888123594515
1871-09-01,53.467510034082004,0.002249961370817757
1871-10-01,53.5878098662525,0.0021324814472960343
1871-11-01,53.70208487659351,0.0020201037289092243
1871-12-01,53.810568658502916,0.00191278287318707
1872-01-01,53.91349659262936,0.0013612838249161166
1872-02-01,53.986888163485574,0.0013746090991625531
1872-03-01,54.06109903119057,0.0013887411214322397
1872-04-01,54.13617590248501,0.0014036688615561837
1872-05-01,54.212165166883054,0.001419381396946582
1872-06-01,54.28911290560912,0.001435867916228766
1872-07-01,54.36706490103081,0.001453117722976004
1872-08-01,54.44606664658468,0.0014711202395362593
1872-09-01,54.526163357191614,0.0014898650109526287
1872-10-01,54.60739998015898,0.0015093417089609303
1872-11-01,54.68982120656695,0.0015295401360657921
1872-12-01,54.77347148313665,0.0015504502296890459
1873-01-01,54.85839502457855,0.003500518265921824
1873-02-01,55.05042783840124,0.0036614170562689168
1873-03-01,55.251990413843664,0.0038169834917859235
1873-04-01,55.46288634914162,0.003967307167752387
1873-05-01,55.682924655698805,0.004112476080882997
1873-06-01,55.91191935145898,0.004252576521918283
1873-07-01,56.14968906698838,0.00438769297765315
1873-08-01,56.39605666340501,0.004517908042109404
1873-09-01,56.65084886134787,0.004643302336550502
1873-10-01,56.91389588023333,0.0047639544380204
1873-11-01,57.185031087097,0.004879940816074285
1873-12-01,57.4640906543674,0.004991335777380641
1874-01-01,57.75091322596519,0.006181694998564861
1874-02-01,58.107911757416694,0.0062985326705453405
1874-03-01,58.47390633803795,0.006410514985267186
1874-04-01,58.84875419086505,0.006517721140899994
1874-05-01,59.23231396017048,0.0066202274523737975
1874-06-01,59.624445351117224,0.0067181073223405805
1874-07-01,60.02500877402106,0.006811431219983194
1874-08-01,60.43386499276419,0.006900266667218774
1874-09-01,60.85087477694496,0.006984678231843498
1874-10-01,61.275898557388125,0.007064727527186131
1874-11-01,61.70879608467957,0.007140473217858801
1874-12-01,62.149426090428534,0.00721197103119455
1875-01-01,62.59764595099807,0.007317085126560582
1875-02-01,63.055678255143825,0.007135924481118079
1875-03-01,63.50563881327821,0.006958466851258599
1875-04-01,63.94754069582841,0.006784666919516745
1875-05-01,64.38140345977185,0.006614481550823057
1875-06-01,64.8072530651726,0.006447869643535267
1875-07-01,65.22512178489244,0.0062847919895609484
1875-08-01,65.63504810780427,0.006125211142961567
1875-09-01,66.03707663584301,0.005969091296484062
1875-10-01,66.43125797523527,0.005816398165501672
1875-11-01,66.8176486222544,0.005667098878901406
1875-12-01,67.1963108438524,0.005521161876475334
1876-01-01,67.56731255352327,0.004211547636954519
1876-02-01,67.85187550904342,0.004208052099094184
1876-03-01,68.13739973620673,0.004204132119880638
1876-04-01,68.42385836700286,0.004199791661194959
1876-05-01,68.71122431679939,0.004195034568506956
1876-06-01,68.9994702780528,0.004189864572788572
1876-07-01,69.28856871411199,0.00418428529243068
1876-08-01,69.57849185311602,0.004178300235167005
1876-09-01,69.86921168198846,0.004171912799994797
1876-10-01,70.1606999405301,0.004165126279106358
1876-11-01,70.45292811561289,0.00415794385981322
1876-12-01,70.74586743547707,0.0041503686264713685
1877-01-01,71.03948886413377,0.00400872903845142
1877-02-01,71.32426692602017,0.003991212051415817
1877-03-01,71.6089371997337,0.0039737676899397525
1877-04-01,71.89349448068893,0.0039563947533334054
1877-05-01,72.17793352505113,0.0039390920558579805
1877-06-01,72.4622490496079,0.003921858426471654
1877-07-01,72.7464357316442,0.0039046927085858
1877-08-01,73.03048820882115,0.003887593759821297
1877-09-01,73.31440107905847,0.0038705604517756034
1877-10-01,73.59816890042069,0.003853591669791989
1877-11-01,73.8817861910073,0.003836686312732821
1877-12-01,74.16524742884658,0.00381984329276236
1878-01-01,74.44854705179372,0.004030594232468357
1878-02-01,74.74861893615633,0.004073203452589836
1878-03-01,75.05308526888341,0.004113991547650554
1878-04-01,75.36185302730469,0.004152978026138261
1878-05-01,75.67482914693615,0.0041901819083635106
1878-06-01,75.99192044694614,0.004225621724045468
1878-07-01,76.31303355683869,0.004259315510659797
1878-08-01,76.63807484433283,0.0042912808125105855
1878-09-01,76.96695034442007,0.004321534680497072
1878-10-01,77.29956568958558,0.004350093672545268
1878-11-01,77.63582604118234,0.004376973854670414
1878-12-01,77.97563602195034,0.00440219080264563
1879-01-01,78.31889964967661,0.004759039531926814
1879-02-01,78.69162238920643,0.004593498854916213
1879-03-01,79.05309226654275,0.00443211226608545
1879-04-01,79.40346444644928,0.004274850044609101
1879-05-01,79.7429023499803,0.00412168341213634
1879-06-01,80.07157734783182,0.0039725844385343646
1879-07-01,80.38966844997272,0.003827525953422993
1879-08-01,80.69736199235206,0.003686481463187292
1879-09-01,80.99485132146498,0.003549425073146751
1879-10-01,81.28233647754118,0.0034163314146092097
1879-11-01,81.56002387710224,0.0032871755765519644
1879-12-01,81.82812599561404,0.0031619330416917334
1880-01-01,82.08686105093929,0.004691757690327981
1880-02-01,82.47199271254992,0.004652396868686557
1880-03-01,82.85568515320013,0.004613324810803638
1880-04-01,83.23792534123352,0.004574536868202698
1880-05-01,83.6187002995397,0.004536028498579948
1880-06-01,83.99799710711262,0.004497795263036842
1880-07-01,84.37580290060558,0.004459832823411237
1880-08-01,84.75210487588338,0.0044221369396758095
1880-09-01,85.1268902895703,0.004384703467431973
1880-10-01,85.50014646059468,0.004347528355472446
1880-11-01,85.87186077172916,0.004310607643419931
1880-12-01,86.24202067112647,0.004273937459441804
1881-01-01,86.61061367385075,0.002768576732250374
1881-02-01,86.8504018036341,0.002696771426685587
1881-03-01,87.0846174856143,0.0026270880344359316
1881-04-01,87.31339644219419,0.00255951232939977
1881-05-01,87.53687615690976,0.0024940302708489227
1881-06-01,87.75519577586064,0.002430627987651308
1881-07-01,87.96849601077527,0.0023692917634483726
1881-08-01,88.17691904381654,0.0023100080227512706
1881-09-01,88.38060843422925,0.002252763317931269
1881-10-01,88.57970902692632,0.0021975443170562806
1881-11-01,88.77436686310494,0.0021443377925655163
1881-12-01,88.96472909298058,0.002093130610735623
1882-01-01,89.1509438907209,0.0016976847970732935
1882-02-01,89.3022940928089,0.001705343847888161
1882-03-01,89.45458521064238,0.0017132085899491346
1882-04-01,89.60783957443559,0.0017212776006655394
1882-05-01,89.7620795415391,0.0017295494786418097
1882-06-01,89.91732749941197,0.001738022843887163
1882-07-01,90.07360586866723,0.0017466963380223118
1882-08-01,90.2309371061905,0.0017555686244963811
1882-09-01,90.38934370833303,0.001764638388801682
1882-10-01,90.54884821417934,0.0017739043386953575
1882-11-01,90.70947320889034,0.0017833652044203228
1882-12-01,90.87124132712238,0.0017930197389319504
1883-01-01,91.03417525652316,0.001767990401474667
1883-02-01,91.19512280458285,0.0017455638881536271
1883-03-01,91.35430971772627,0.0017242445210089948
1883-04-01,91.51182688572761,0.0017040244330615835
1883-05-01,91.667765274655,0.0016848958094522637
1883-06-01,91.82221590822812,0.001666850885599431
1883-07-01,91.97526985013245,0.0016498819455571725
1883-08-01,92.12701818729593,0.0016339813205720462
1883-09-01,92.27755201413397,0.0016191413878341957
1883-10-01,92.42696241776808,0.0016053545694106745
1883-11-01,92.5753404642222,0.0015926133313716704
1883-12-01,92.72277718560179,0.0015809101830845066
1884-01-01,92.86936356825838,0.0022423626854884606
1884-02-01,93.0776103637489,0.0024155398370210015
1884-03-01,93.30244303951726,0.0025836119892817576
1884-04-01,93.54350034998343,0.00274663590841634
1884-05-01,93.80043028704365,0.002904667514071316
1884-06-01,94.07288934970434,0.003057761801181682
1884-07-01,94.36054183728466,0.0032059727669273026
1884-08-01,94.6630591646875,0.0033493533428153297
1884-09-01,94.98011919834187,0.003487955331829833
1884-10-01,95.31140561151756,0.0036218293505731257
1884-11-01,95.65660725780573,0.0037510247763126135
1884-12-01,96.01541756164777,0.0038755896988352284
1885-01-01,96.38753392487905,0.0034179200249682966
1885-02-01,96.7169788072382,0.003375776315231235
1885-03-01,97.0434736935764,0.0033344509261837648
1885-04-01,97.36706039431404,0.003293937600177662
1885-05-01,97.68778141556564,0.0032542302045098608
1885-06-01,98.00567994445973,0.0032153227267396746
1885-07-01,98.32079983453472,0.003177209270198968
1885-08-01,98.63318559122239,0.003139884049683941
1885-09-01,98.94288235742978,0.0031033413873219735
1885-10-01,99.24993589923052,0.003067575708612479
1885-11-01,99.55439259167635,0.0030325815386271515
1885-12-01,99.8562994047391,0.0029983534983731956
1886-01-01,100.1557038893939,0.0009772612634890467
1886-02-01,100.25358217912249,0.0007909349426547888
1886-03-01,100.33287624039427,0.000611186625875758
1886-04-01,100.39419835248805,0.00043799186995526537
1886-05-01,100.43817019515711,0.00027132565235836665
1886-06-01,100.465421647207,0.00011116228153065066
1886-07-01,100.47658961269224,-4.2524686463579185e-05
1886-08-01,100.47231687722203,-0.00018976252519265976
1886-09-01,100.45325099665945,-0.0003305794092118781
1886-10-01,100.42004322029156,-0.0004650044796628536
1886-11-01,100.37334745034619,-0.0005930679042906144
1886-12-01,100.31381923952718,-0.0007148009319755732
1887-01-01,100.24211482804473,7.67800382640155e-06
1887-02-01,100.24288448738595,0.00021478169842202674
1887-03-01,100.26441482437087,0.00041666256269451126
1887-04-01,100.30619125239866,0.0006133751282170395
1887-05-01,100.36771657531906,0.0008049738829376122
1887-06-01,100.44850996585228,0.0009915131736570732
1887-07-01,100.54810598675765,0.001173047112188753
1887-08-01,100.66605365212146,0.001349629485336254
1887-09-01,100.8019155263028,0.0015213136688049572
1887-10-01,100.9552668582347,0.0016881525451337483
1887-11-01,101.12569474892608,0.0018501984257093828
1887-12-01,101.31279735014931,0.002007502976915928
1888-01-01,101.51618309242942,0.0035437292711487773
1888-02-01,101.87592896194936,0.003539745037411103
1888-03-01,102.23654377592406,0.0035354254187928134
1888-04-01,102.59799345151899,0.003530772628877352
1888-05-01,102.96024363857535,0.0035257888230480297
1888-06-01,103.32325971481454,0.0035204760993913656
1888-07-01,103.68700678115175,0.0035148364995940913
1888-08-01,104.0514496571198,0.003508872009853954
1888-09-01,104.4165528764064,0.003502584561788856
1888-10-01,104.78228068250651,0.003495976033351069
1888-11-01,105.14859702449242,0.0034890482497457825
1888-12-01,105.51546555290395,0.0034818029843498963
1889-01-01,105.88284961576112,0.0020908963838075167
1889-02-01,106.10423968312995,0.002002313050129754
1889-03-01,106.31669358692157,0.0019166260604185155
1889-04-01,106.5204629325078,0.0018338189686980236
1889-05-01,106.71580217798792,0.001753875415026731
1889-06-01,106.90296839982275,0.0016767791037856777
1889-07-01,107.08222106336824,0.0016025137834430902
1889-08-01,107.25382179858399,0.0015310632277352441
1889-09-01,107.41803418117387,0.0014624112182250301
1889-10-01,107.5751235194001,0.0013965415281956889
1889-11-01,107.72535664679572,0.0013334379078318776
1889-12-01,107.86900172098326,0.0012730840706657637
1890-01-01,108.00632802879286,-7.758163104674204e-05
1890-02-01,107.99794872170102,-7.134878809860055e-05
1890-03-01,107.9902431989426,-6.396768208171028e-05
1890-04-01,107.98333531339772,-5.544773004482825e-05
1890-05-01,107.97734788257192,-4.579836456129786e-05
1890-06-01,107.97240269662923,-3.502903083499123e-05
1890-07-01,107.96862052800584,-2.3149183623936634e-05
1890-08-01,107.96612114258362,-1.0168283984248967e-05
1890-09-01,107.96502331240316,3.904204161061213e-06
1890-10-01,107.96544482989643,1.9058817622268344e-05
1890-11-01,107.96750252361895,3.528609771192547e-05
1890-12-01,107.97131227546271,5.257659417647932e-05
1891-01-01,107.97698903933092,0.0014966058515118383
1891-02-01,108.13858803295581,0.001771254370088547
1891-03-01,108.33012897958439,0.002038002242214329
1891-04-01,108.55090602534415,0.002296950178436099
1891-05-01,108.80024204830846,0.002548197673288041
1891-06-01,109.07748657194914,0.002791842806616278
1891-07-01,109.38201376819882,0.0030279820563411312
1891-08-01,109.71322054317538,0.0032567101227984033
1891-09-01,110.07052469912315,0.0034781197647314223
1891-10-01,110.45336316659353,0.0036923016469351914
1891-11-01,110.86119030132308,0.003899344199502842
1891-12-01,111.29347624067452,0.004099333488562254
1892-01-01,111.74970531488643,0.0014417157158342162
1892-02-01,111.91081662127874,0.0009083994259096444
1892-03-01,112.01247634285059,0.00039276014601090673
1892-04-01,112.05647037941405,-0.00010516856443518814
1892-05-01,112.04468556128857,-0.0005853573678203149
1892-06-01,111.97909937907016,-0.0010477818934354478
1892-07-01,111.86176970629757,-0.0014924234327620552
1892-08-01,111.69482457995765,-0.0019192695889165973
1892-09-01,111.48045209990197,-0.002328314883549178
1892-10-01,111.22089050405297,-0.0027195613239455194
1892-11-01,110.91841847182337,-0.0030930189325510107
1892-12-01,110.5753457035214,-0.003448706240644445
1893-01-01,110.19400381873226,0.00019192711434028515
1893-02-01,110.21515303590279,0.0008823066357799492
1893-03-01,110.31239659678987,0.0015524172225183084
1893-04-01,110.483647461124,0.0022026729572543445
1893-05-01,110.72700680360543,0.0028334833980058045
1893-06-01,111.04074993909433,0.0034452522289445896
1893-07-01,111.42331333032567,0.004038375979511279
1893-08-01,111.87328256243642,0.004613242817342182
1893-09-01,112.38938117967007,0.005170231419243964
1893-10-01,112.97046028943458,0.005709709923262747
1893-11-01,113.61548884758473,0.006232034963800666
1893-12-01,114.32354454651218,0.0067375507907794984
1894-01-01,115.09380523447625,0.005007925269604637
1894-02-01,115.67018641008494,0.004959339554103776
1894-03-01,116.24383414077903,0.00491107216439586
1894-04-01,116.81471599891046,0.004863117494805806
1894-05-01,117.38279968793553,0.004815470081365994
1894-06-01,117.94805304789976,0.004768124597978421
1894-07-01,118.51044406092112,0.004721075852707094
1894-08-01,119.06994085667073,0.004674318784189514
1894-09-01,119.6265117178494,0.004627848458168679
1894-10-01,120.18012508565894,0.0045816600641365975
1894-11-01,120.73074956526685,0.004535748912089478
1894-12-01,121.27835393126325,0.00449011042938576
1895-01-01,121.82290713310876,0.0020402999772796966
1895-02-01,122.07146240776459,0.0017294583633930799
1895-03-01,122.28257991935732,0.0014284704951616249
1895-04-01,122.45725697684436,0.0011373188374573402
1895-05-01,122.59652992198748,0.0008559850156869386
1895-06-01,122.70147071457592,0.0005844495680626461
1895-07-01,122.7731835361357,0.0003226917145276461
1895-08-01,122.812801425229,7.068914137708682e-05
1895-09-01,122.82148295671186,-0.00017158219925941196
1895-10-01,122.80040897654985,-0.000404148275787846
1895-11-01,122.75077940299593,-0.0006270371500014874
1895-12-01,122.67381010411862,-0.000840279136931822
1896-01-01,122.57072986084019,0.00286052097332346
1896-02-01,122.92134600432269,0.003120479380435988
1896-03-01,123.30491952994461,0.0033725384959305857
1896-04-01,123.72077011779697,0.003616800285165716
1896-05-01,124.16824343443994,0.003853364697344693
1896-06-01,124.64670896022152,0.004082329485834653
1896-07-01,125.15555789552208,0.004303790041712385
1896-08-01,125.69420113925779,0.004517839240444494
1896-09-01,126.26206733346105,0.004724567301555523
1896-10-01,126.85860096821152,0.004924061661071192
1896-11-01,127.48326054161622,0.005116406856491342
1896-12-01,128.13551676993922,0.005301684423996566
1897-01-01,128.81485084335915,0.003138233044505405
1897-02-01,129.21910186489882,0.0031039116295819157
1897-03-01,129.6201865379414,0.0030702716291803244
1897-04-01,130.0181557192379,0.003037308094212466
1897-05-01,130.41306091599853,0.003005016164635628
1897-06-01,130.80495427213071,0.0029733910664224835
1897-07-01,131.19388855460727,0.002942428108640069
1897-08-01,131.57991713997214,0.0029121226806523293
1897-09-01,131.9630940009938,0.002882470249432823
1897-10-01,132.34347369347478,0.0028534663569827964
1897-11-01,132.72111134322535,0.002825106617854717
1897-12-01,133.09606263321012,0.002797386716781637
1898-01-01,133.4683837908762,0.004368725441245045
1898-02-01,134.05147051474526,0.004322660962588494
1898-03-01,134.63092957331693,0.004277021322958805
1898-04-01,135.20674892983178,0.004231801651924651
1898-05-01,135.7789170733044,0.004186997201461262
1898-06-01,136.34742301910777,0.004142603342328136
1898-07-01,136.91225630942455,0.004098615560570673
1898-08-01,137.4734070135672,0.004055029454127123
1898-09-01,138.03086572816642,0.004011840729552965
1898-10-01,138.58462357723013,0.003969045198845959
1898-11-01,139.1346722120732,0.003926638776373492
1898-12-01,139.68100381111915,0.003884617475895295
1899-01-01,140.22361107957443,0.0019496526974343465
1899-02-01,140.4969984211597,0.0017972145688710849
1899-03-01,140.74950167360487,0.001649509598556776
1899-04-01,140.98166932760756,0.0015065195882117072
1899-05-01,141.1940609740284,0.0013682262824202345
1899-06-01,141.3872463991747,0.001234611314729064
1899-07-01,141.5618046933375,0.0011056561572381869
1899-08-01,141.71832337432645,0.0009813420735500264
1899-09-01,141.85739752764664,0.000861650074952304
1899-10-01,141.97962896485888,0.0007465608797178171
1899-11-01,142.0856254015609,0.0006360548754227762
1899-12-01,142.17599965632505,0.0005301120841924619
1900-01-01,142.251368871825,0.0018348098808807947
1900-02-01,142.51237308899985,0.0018807256787839169
1900-03-01,142.78039976861277,0.0019254846293780415
1900-04-01,143.05532123374368,0.0019690955075112094
1900-05-01,143.33701082411062,0.0020115670027351356
1900-06-01,143.6253428253551,0.0020529077152318487
1900-07-01,143.92019239974408,0.0020931261519544554
1900-08-01,144.2214355182503,0.0021322307229992544
1900-09-01,144.52894889397737,0.0021702297381877185
1900-10-01,144.8426099168961,0.0022071314038697868
1900-11-01,145.16229658986214,0.0022429438199331893
1900-12-01,145.48788746588568,0.0022776749770209697
1901-01-01,145.81926158662637,0.0010646069312888527
1901-02-01,145.9745017832269,0.0010443520025789836
1901-03-01,146.1269505464897,0.0010253092161300954
1901-04-01,146.27677585561,0.0010074712521844775
1901-05-01,146.42414550214676,0.0009908308017966803
1901-06-01,146.56922705563704,0.0009753805658099038
1901-07-01,146.7121878312529,0.0009611132540293528
1901-08-01,146.85319485950515,0.0009480215845805686
1901-09-01,146.99241485799658,0.0009360982834593945
1901-10-01,147.1300142052267,0.0009253360842604284
1901-11-01,147.26615891644855,0.0009157277280894063
1901-12-01,147.40101462157756,0.0009072659636496225
1902-01-01,147.53474654515114,0.0005739434045784957
1902-02-01,147.6194231398769,0.0005240661430896688
1902-03-01,147.69678548160692,0.00047661991001229887
1902-04-01,147.76718071021227,0.0004315906757336575
1902-05-01,147.83095564758625,0.0003889643226547694
1902-06-01,147.88845661511712,0.0003487266387446313
1902-07-01,147.94002925950164,0.0003108633118796869
1902-08-01,147.98601838695683,0.00027535992495552735
1902-09-01,148.02676780587433,0.00024220195175657182
1902-10-01,148.06262017794913,0.00021137475357404237
1902-11-01,148.09391687780277,0.00018286357655599876
1902-12-01,148.12099786110923,0.00015665354978992616
1903-01-01,148.1442015412226,0.0004399352695228376
1903-02-01,148.20937540045588,0.0006390732888518488
1903-03-01,148.30409205343173,0.0008330573230176583
1903-04-01,148.42763786335033,0.0010219391796287766
1903-05-01,148.57932188182264,0.0012057704330533543
1903-06-01,148.75847443511086,0.001384602337444769
1903-07-01,148.96444576652843,0.0015584857434771126
1903-08-01,149.19660473154053,0.0017274710188825146
1903-09-01,149.45433754232994,0.0018916079728717513
1903-10-01,149.73704655880528,0.0020509457844824336
1903-11-01,150.0441491232259,0.0022055329348955955
1903-12-01,150.37507643580557,0.002355417143737878
1904-01-01,150.72927246883336,0.001574570955570252
1904-02-01,150.96660640341702,0.0016234546721260877
1904-03-01,151.21169384591767,0.001671275129532299
1904-04-01,151.4644101891368,0.001718041009119693
1904-05-01,151.72463225726386,0.0017637609391226638
1904-06-01,151.99223823714198,0.0018084434900231675
1904-07-01,152.26710761091599,0.0018520971700858892
1904-08-01,152.54912109001933,0.001894730421101324
1904-09-01,152.83816055046086,0.001936351614329353
1904-10-01,153.13410896937387,0.0019769690466305417
1904-11-01,153.43685036278967,0.00201659093680123
1904-12-01,153.7462697246026,0.0020552254220924443
1905-01-01,154.06225296669248,0.002630227269648174
1905-02-01,154.4674717056689,0.0024567879447890822
1905-03-01,154.84696552801745,0.0022885538869289513
1905-04-01,155.20134115285575,0.00212550242654885
1905-05-01,155.53122198007978,0.0019676110200245616
1905-06-01,155.83724692640567,0.0018148571697464626
1905-07-01,156.1200692713036,0.0016672183494593066
1905-08-01,156.38035551551158,0.001524671934555259
1905-09-01,156.61878425468186,0.0013871951371147884
1905-10-01,156.83604507058078,0.0012547649454940502
1905-11-01,157.03283744212527,0.0011273580682739314
1905-12-01,157.2098696783996,0.0010049508824191374
1906-01-01,157.3678578756579,-0.00039141681654211204
1906-02-01,157.30626144970216,-0.0003985319838767419
1906-03-01,157.24356987325038,-0.0004038847220298279
1906-04-01,157.18006159774114,-0.00040748877517652015
1906-05-01,157.1160124869585,-0.00040935797748410625
1906-06-01,157.05169579385648,-0.00040950625034813075
1906-07-01,156.98738214280112,-0.00040794759920252525
1906-08-01,156.92333951715088,-0.0004046961098862521
1906-09-01,156.85983325209793,-0.0003997659445840089
1906-10-01,156.7971260326906,-0.000393171337351654
1906-11-01,156.73547789695544,-0.00038492658921720926
1906-12-01,156.67514624403924,-0.0003750460628815384
1907-01-01,156.61638584728902,-0.0001709533830809754
1907-02-01,156.58961174628251,2.4902765505854343e-05
1907-03-01,156.59351126066449,0.00021596853543294064
1907-04-01,156.62733053194975,0.0004022937019582981
1907-05-01,156.6903407205773,0.0005839281304742216
1907-06-01,156.78183661829763,0.000760921688318915
1907-07-01,156.90113531811497,0.0009333241596402881
1907-08-01,157.04757493838235,0.0011011851634316235
1907-09-01,157.22051339785742,0.0012645540748523775
1907-10-01,157.41932723872506,0.0014234799499178862
1907-11-01,157.64341049477895,0.001578011453628835
1907-12-01,157.89217360212882,0.0017281967915830651
1908-01-01,158.1650423499641,0.0029773046136248255
1908-02-01,158.6359478602668,0.003165125236306412
1908-03-01,159.13805050222473,0.003347111100664384
1908-04-01,159.67070323759881,0.0035233341166708535
1908-05-01,160.23327647374867,0.00369386482178674
1908-06-01,160.82515653699468,0.0038587722812870127
1908-07-01,161.44574419317328,0.004018123996296691
1908-08-01,162.09445321201585,0.004171985819411763
1908-09-01,162.77070897222168,0.004320421877751931
1908-10-01,163.47394710432246,0.00446349450329231
1908-11-01,164.2036121686541,0.004601264170274143
1908-12-01,164.95915636595532,0.004733789439509919
1909-01-01,165.74003827831095,0.002106167244500868
1909-02-01,166.08911451803505,0.001935749863155437
1909-03-01,166.41062149873494,0.001770952880684971
1909-04-01,166.7053268682547,0.0016117489832578372
1909-05-01,166.97401400933828,0.0014581108048003554
1909-06-01,167.21748062328618,0.0013100108414335556
1909-07-01,167.4365373357799,0.0011674213718715146
1909-08-01,167.63200632789784,0.0010303143835217988
1909-09-01,167.8047199951561,0.0008986615040654082
1909-10-01,167.9555196372162,0.0007724339383139907
1909-11-01,168.08525418071116,0.0006516024101579552
1909-12-01,168.19477893744732,0.000536137109452302
1910-01-01,168.28495440005182,0.0018591183626929229
1910-02-01,168.5978160489419,0.002041411571502436
1910-03-01,168.94199358155424,0.0022184594652214914
1910-04-01,169.31678454628863,0.0023903245532280715
1910-05-01,169.72150661366325,0.0025570686214829077
1910-06-01,170.15549615261585,0.0027187526390098343
1910-07-01,170.6181068568228,0.002875436670027999
1910-08-01,171.10870841784967,0.00302717979170714
1910-09-01,171.6266852421573,0.003174040017512863
1910-10-01,172.17143520918899,0.003316074226076228
1910-11-01,172.74236846795273,0.0034533380955164006
1910-12-01,173.33890626969284,0.0035858860431197065
1911-01-01,173.96047983441497,0.0030802689553795937
1911-02-01,174.49632489991185,0.0030347253700308188
1911-03-01,175.02587332406276,0.0029904403619575824
1911-04-01,175.5492777600379,0.002947403951880428
1911-05-01,176.0666923950576,0.0029056063213278942
1911-06-01,176.57827288945597,0.002865037805313565
1911-07-01,177.08417631688124,0.002825688885410034
1911-08-01,177.58456110568184,0.002787550183197214
1911-09-01,178.07958698152498,0.0027506124540745873
1911-10-01,178.56941491129282,0.002714866581427499
1911-11-01,179.05420704830055,0.0026803035711285075
1911-12-01,179.5341266788777,0.0026469145463670113
1912-01-01,180.00933817035332,8.900831477697675e-05
1912-02-01,180.02536049818798,4.121196437287433e-05
1912-03-01,180.03277969693104,-3.4961536235087323e-06
1912-04-01,180.03215027467596,-4.514031159208403e-05
1912-05-01,180.02402356731596,-8.374500796151742e-05
1912-06-01,180.00894745402906,-0.00011933497390101979
1912-07-01,179.98746609098268,-0.00015193517846355658
1912-08-01,179.96011966320094,-0.00018157083219543595
1912-09-01,179.9274441545117,-0.00020826738923897473
1912-10-01,179.8899711354652,-0.0002320505479528859
1912-11-01,179.848227569092,-0.0002529462500705009
1912-12-01,179.80273563434656,-0.00027098067841932076
1913-01-01,179.75401256706272,0.004781515508271432
1913-02-01,180.61350916582614,0.004832553962618279
1913-03-01,181.48633369524785,0.004881215127871618
1913-04-01,182.37220753278305,0.004927525312611649
1913-05-01,183.2708512017177,0.004971510010440592
1913-06-01,184.181984073089,0.005013193898509824
1913-07-01,185.10532407185966,0.005052600837364953
1913-08-01,186.04058738726584,0.005089753872041017
1913-09-01,186.98748818727697,0.0051246752343389644
1913-10-01,187.94573833712155,0.0051573863462286715
1913-11-01,188.9150471218533,0.0051879078243170515
1913-12-01,189.89512097294798,0.005216259485320929
1914-01-01,190.88566319893928,0.002645038635442484
1914-02-01,191.39056315305254,0.0027805399459349097
1914-03-01,191.92273225917458,0.002911922907846834
1914-04-01,192.48159645977663,0.003039236946020124
1914-05-01,193.06659363916611,0.00316253072534177
1914-06-01,193.67717267358705,0.0032818520958714952
1914-07-01,194.31279250864833,0.0033972480419474215
1914-08-01,194.97292126252367,0.003508764635206179
1914-09-01,195.65703535347245,0.0036164469914293815
1914-10-01,196.3646186503285,0.00372033923113316
1914-11-01,197.09516164469983,0.0038204844438036066
1914-12-01,197.84816064371236,0.00391692465567852
1915-01-01,198.62311698221836,0.005219401386639558
1915-02-01,199.65981075441402,0.00515095871497984
1915-03-01,200.6882501966507,0.005083499434336828
1915-04-01,201.70844880300342,0.005017011635748872
1915-05-01,202.72042243767694,0.004951483768071967
1915-06-01,203.7241893188338,0.004886904623965644
1915-07-01,204.71977000162966,0.004823263326460735
1915-08-01,205.70718736048,0.0047605493160818284
1915-09-01,206.68646657058204,0.004698752338497353
1915-10-01,207.65763508871632,0.004637862432677897
1915-11-01,208.620722633353,0.004577869919529486
1915-12-01,209.57576116408674,0.0045187653909956275
1916-01-01,210.52278486042658,0.00244856638302259
1916-02-01,211.03826387429612,0.0024036044855666626
1916-03-01,211.54551639197058,0.0023602496792361296
1916-04-01,212.04481662917857,0.0023184894622222552
1916-05-01,212.53644030205217,0.002278311463245716
1916-06-01,213.02066451034977,0.002239703433893211
1916-07-01,213.49776762414382,0.0022026532414969333
1916-08-01,213.9680291740535,0.002167148862540969
1916-09-01,214.43172974509818,0.0021331783765787433
1916-10-01,214.8891508742428,0.002100729960638098
1916-11-01,215.3405749517004,0.0020697918841100253
1916-12-01,215.78628512605502,0.002040352504096712
1917-01-01,216.2265652132617,0.0011715587430054417
1917-02-01,216.47988733620733,0.0010403781655864309
1917-03-01,216.70510828428053,0.0009144777249106549
1917-04-01,216.90328027868085,0.0007938233519976881
1917-05-01,217.07546316769097,0.0006783806741520701
1917-06-01,217.22272296673654,0.0005681149541700806
1917-07-01,217.3461304440395,0.00046299103471580835
1917-08-01,217.44675975386525,0.0003629732877222052
1917-09-01,217.52568711915765,0.00026802556866662396
1917-10-01,217.58398956514736,0.00017811117559462521
1917-11-01,217.62274370531938,9.319281278186805e-05
1917-12-01,217.6430245809306,1.323255892568969e-05
1918-01-01,217.64590455507812,0.003263931645907767
1918-02-01,218.35628591055766,0.0033027691495194165
1918-03-01,219.0774663152667,0.0033402942981792553
1918-04-01,219.80924952685913,0.0033765221963176096
1918-05-01,220.5514403368425,0.003411467683180721
1918-06-01,221.3038444480306,0.0034451453292413895
1918-07-01,222.06626835407388,0.00347756943305612
1918-08-01,222.83851922101485,0.0035087540185402607
1918-09-01,223.62040477081715,0.0035387128326526407
1918-10-01,224.41173316682261,0.00356745934347561
1918-11-01,225.21231290109415,0.003595006738671493
1918-12-01,226.02195268360538,0.0036213679243020636
1919-01-01,226.8404613332419,-0.00016747196509109638
1919-02-01,226.80247191542026,-0.0002477677198330243
1919-03-01,226.74627758410128,-0.0003233967122642619
1919-04-01,226.67294858341242,-0.00039439746419255294
1919-05-01,226.58354934729007,-0.00046080907789485437
1919-06-01,226.4791375908492,-0.0005226712604026215
1919-07-01,226.3607634545497,-0.0005800243438814219
1919-08-01,226.22946870124647,-0.0006329093021691098
1919-09-01,226.08628596608068,-0.0006813677635345381
1919-10-01,225.93223805904614,-0.0007254420197013821
1919-11-01,225.76833731995293,-0.0007651750312049017
1919-12-01,225.59558502539906,-0.0008006104291110478
1920-01-01,225.41497084726632,0.0017183965820981213
1920-02-01,225.802323162724,0.0017520485910480087
1920-03-01,226.19793980487663,0.0017854615439858593
1920-04-01,226.60180752772706,0.0018186377514968386
1920-05-01,227.0139141294544,0.0018515795714963935
1920-06-01,227.43424845530194,0.0018842894081267571
1920-07-01,227.86280040071154,0.0019167697106689584
1920-08-01,228.29956091470783,0.001949022972459992
1920-09-01,228.74452200353312,0.00198105172982657
1920-10-01,229.19767673453657,0.0020128585610300373
1920-11-01,229.65901924031988,0.002044446085220692
1920-12-01,230.12854472314137,0.0020758169614116142
1921-01-01,230.60624945958264,0.007737958036391724
1921-02-01,232.39067094083057,0.007891006886752783
1921-03-01,234.22446732564177,0.008037753752962664
1921-04-01,236.10710591692413,0.008178299578749167
1921-05-01,238.0380605617842,0.0083127405120248
1921-06-01,240.01680919121995,0.008441167874515735
1921-07-01,242.04283137030865,0.008563668144526571
1921-08-01,244.11560585492558,0.008680322951975954
1921-09-01,246.2346081513636,0.008791209084877405
1921-10-01,248.3993080755551,0.008896398506457914
1921-11-01,250.60916730892365,0.008995958382157665
1921-12-01,252.8636369482219,0.009089951115764723
1922-01-01,255.16215504703572,0.002961315106234429
1922-02-01,255.91777059131584,0.002922695381172133
1922-03-01,256.66574027738295,0.0028852993147183395
1922-04-01,257.40629776191696,0.002849116393114627
1922-05-01,258.1396782645614,0.0028141362569957203
1922-06-01,258.8661184925349,0.0027803486951122978
1922-07-01,259.5858565672944,0.0027477436384384895
1922-08-01,260.2991319533058,0.0027163111546260775
1922-09-01,261.00618538897004,0.0026860414428136283
1922-10-01,261.7072588197555,0.002656924828764394
1922-11-01,262.4025953335816,0.0026289517603287167
1922-12-01,263.09243909849863,0.0026021128032188393
1923-01-01,263.7770353027069,0.005193239819567316
1923-02-01,265.14689270592834,0.005187124035074619
1923-03-01,266.5222425259086,0.005180167791339968
1923-04-01,267.902872462317,0.005172376972771232
1923-05-01,269.2885671107804,0.00516375720258442
1923-06-01,270.6791078887723,0.00515431384841854
1923-07-01,272.074272963041,0.005144052027972154
1923-08-01,273.47383717863556,0.005132976614657994
1923-09-01,274.8775719895943,0.00512109224327034
1923-10-01,276.2852453913592,0.005108403315668502
1923-11-01,277.6966218549867,0.005094914006460385
1923-12-01,279.1114622632224,0.005080628268697549
1924-01-01,280.52952384851443,0.004531271952127915
1924-02-01,281.800679411673,0.004529899806739289
1924-03-01,283.07720825487894,0.004527764009720606
1924-04-01,284.35891505038757,0.004524870106031846
1924-05-01,285.6456022044827,0.004521223445559039
1924-06-01,286.93706979829045,0.004516829186496428
1924-07-01,288.23311552984313,0.004511692298766164
1924-08-01,289.5335346574285,0.004505817567490228
1924-09-01,290.8381199442655,0.004499209596492011
1924-10-01,292.1466616045444,0.004491872811836212
1924-11-01,293.4589472508746,0.004483811465403062
1924-12-01,294.77476184318317,0.004475029638485092
1925-01-01,296.0938876391088,0.004389815484390367
1925-02-01,297.3936851719003,0.004282841972636762
1925-03-01,298.66737532915164,0.004178269996851182
1925-04-01,299.9152882625277,0.004076081422398191
1925-05-01,301.1377673973078,0.003976258626134306
1925-06-01,302.3351690425762,0.0038787844615883337
1925-07-01,303.5078619984502,0.003783642225997572
1925-08-01,304.6562271610298,0.0036908156291130126
1925-09-01,305.7806571257423,0.003600288763676141
1925-10-01,306.88155578974164,0.0035120460774983207
1925-11-01,307.9593379540096,0.003426072347065053
1925-12-01,309.0144289257943,0.003342352652588975
1926-01-01,310.0472641220027,0.004912790198478791
1926-02-01,311.5704612822464,0.0048269882716043865
1926-03-01,313.0744082446342,0.004742627309486783
1926-04-01,314.5592034830766,0.004659694385488426
1926-05-01,316.0249532374504,0.004578176983097433
1926-06-01,317.47177140444654,0.004498062976231505
1926-07-01,318.8997794253995,0.004419340610428262
1926-08-01,320.3091061712708,0.004341998484884062
1926-09-01,321.699887824961,0.004266025535302051
1926-10-01,323.0722677611261,0.004191411017503117
1926-11-01,324.4263964236698,0.004118144491778675
1926-12-01,325.76243120108956,0.004046215807936265
1927-01-01,327.08053629984715,0.0021187576822117105
1927-02-01,327.7735406988344,0.0020746783312850393
1927-03-01,328.4535653612908,0.0020320712615733536
1927-04-01,329.1210064122228,0.001990927366992145
1927-05-01,329.7762624309409,0.0019512376194768513
1927-06-01,330.4197342802066,0.0019129930633941773
1927-07-01,331.0518249398932,0.0018761848103269756
1927-08-01,331.67293934527646,0.0018408040342171045
1927-09-01,332.2834842300639,0.0018068419668563936
1927-10-01,332.88386797426404,0.0017742898937193694
1927-11-01,333.474500456993,0.0017431391501255876
1927-12-01,334.05579291430814,0.001713381117722851
1928-01-01,334.62815780215345,-0.0001747927242648321
1928-02-01,334.5696672348355,-0.00026193101490077687
1928-03-01,334.48203306234166,-0.0003449288357968243
1928-04-01,334.3666605640825,-0.0004238089458530173
1928-05-01,334.22495298214045,-0.0004985945185243513
1928-06-01,334.0583102526295,-0.0005693091625671103
1928-07-01,333.868127795771,-0.0006359769405525483
1928-08-01,333.6557953653074,-0.0006986223851646843
1928-09-01,333.4226959577253,-0.0007572705133129635
1928-10-01,333.1702047816072,-0.0008119468380877144
1928-11-01,332.89968828728973,-0.0008626773785676731
1928-12-01,332.61250325687206,-0.0009094886675065348
1929-01-01,332.30999595448895,0.0033874953223599377
1929-02-01,333.43569451135824,0.003565530561562389
1929-03-01,334.62456967045426,0.003737898967206503
1929-04-01,335.8753625038274,0.0039046652439282026
1929-05-01,337.18684335808786,0.004065892635775038
1929-06-01,338.55780886137774,0.004221642844520605
1929-07-01,339.98707901261395,0.004371975954930336
1929-08-01,341.4734943470441,0.0045169503668572
1929-09-01,343.015913172607,0.004656622733989396
1929-10-01,344.6132088720067,0.004791047909097064
1929-11-01,346.26426726582014,0.004920278895579858
1929-12-01,347.9679840323416,0.0050443668051334415
1930-01-01,349.7232621802435,0.0018438056400109767
1930-02-01,350.3680839034945,0.0020796224350358252
1930-03-01,351.0967172313007,0.0023086414639529266
1930-04-01,351.90727367055865,0.0025309391563434823
1930-05-01,352.79792956889355,0.002746590824175356
1930-06-01,353.76692112503554,0.0029556705298203778
1930-07-01,354.8125395882301,0.0031582509621060325
1930-08-01,355.9331266327519,0.0033544033204373604
1930-09-01,357.12706989458246,0.003544197206997444
1930-10-01,358.392798658246,0.003727700526979102
1930-11-01,359.7287796826699,0.0039049793967862348
1930-12-01,361.13351315576176,0.004076098060094882
1931-01-01,362.6055287681712,0.0010898789946114076
1931-02-01,363.0007249173056,0.0010412900229926515
1931-03-01,363.3787139505011,0.0009948741772289901
1931-04-01,363.7402300495651,0.0009506182421424664
1931-05-01,364.08600814765134,0.0009085089827903628
1931-06-01,364.41678355656177,0.0008685331378175207
1931-07-01,364.7332916090575,0.0008306774134958714
1931-08-01,365.03626731634716,0.0007949284784437043
1931-09-01,365.3264450409017,0.0007612729589963783
1931-10-01,365.60455818471763,0.0007296974352291293
1931-11-01,365.8713388931331,0.0007001884376158521
1931-12-01,366.1275177742811,0.0006727324443036941
1932-01-01,366.37382363424024,0.005934362796618439
1932-02-01,368.5480188228701,0.006061312580527141
1932-03-01,370.78190356588954,0.006183234728054687
1932-04-01,373.07453510855237,0.006300181648383422
1932-05-01,375.42497244812245,0.006412203583866633
1932-06-01,377.83227380192733,0.006519348584456887
1932-07-01,380.29549410130005,0.006621662487920454
1932-08-01,382.8136825089158,0.006719188905554029
1932-09-01,385.385879957324,0.006811969213146207
1932-10-01,388.01111670677454,0.006900042546912194
1932-11-01,390.6884099207262,0.006983445804136966
1932-12-01,393.41676125771204,0.007062213648272916
1933-01-01,396.1951544785256,0.005527978342050002
1933-02-01,398.385312711708,0.005500575458022123
1933-03-01,400.5766611856465,0.005472550678068398
1933-04-01,402.7688372644364,0.005443903796163651
1933-05-01,404.9614720665967,0.00541463451169806
1933-06-01,407.15419042915653,0.005384742433358918
1933-07-01,409.3466108752803,0.005354227082981635
1933-08-01,411.5383455855555,0.005323087899366801
1933-09-01,413.7290003730674,0.005291324242061586
1933-10-01,415.9181746623853,0.005258935395114907
1933-11-01,418.1054614725889,0.0052259205707951015
1933-12-01,420.2904474044603,0.005192278913285576
1934-01-01,422.4727126319738,0.0065643265300026725
1934-02-01,425.2459614677061,0.006474118122205915
1934-03-01,427.99905405323904,0.006384534075745103
1934-04-01,430.7316285982286,0.006295563042820915
1934-05-01,433.4433267206057,0.006207194082230819
1934-06-01,436.13379357320827,0.006119416645138617
1934-07-01,438.8026779691076,0.006032220561427628
1934-08-01,441.44963250556236,0.005945596026613013
1934-09-01,444.0743136865372,0.005859533589280582
1934-10-01,446.6763820437202,0.005774024139032785
1934-11-01,449.25550225597647,0.005689058894921856
1934-12-01,451.8113432671784,0.005604629394336809
1935-01-01,454.34357840234844,0.004935313770493414
1935-02-01,456.5859065213728,0.004862578765241776
1935-03-01,458.8060914549323,0.004790577600832268
1935-04-01,461.0040376397817,0.004719303383339396
1935-05-01,463.17965555434824,0.004648749443489748
1935-06-01,465.3328617203423,0.004578909328384493
1935-07-01,467.4635787016774,0.004509776793534918
1935-08-01,469.57173510072903,0.004441345795192221
1935-09-01,471.65726555195977,0.004373610482965316
1935-10-01,473.7201107129446,0.004306565192707817
1935-11-01,475.76021725282664,0.004240204439668596
1935-12-01,477.77753783823977,0.004174522911888495
1936-01-01,479.77203111673117,0.00350384172321303
1936-02-01,481.45307637698863,0.003461321895075725
1936-03-01,483.11954045170387,0.0034192924149080975
1936-04-01,484.77146743186427,0.0033777498331891993
1936-05-01,486.40890417511713,0.0033366907799137996
1936-06-01,488.0319002809462,0.003296111962035215
1936-07-01,489.640508065317,0.003256010160989525
1936-08-01,491.23478253480977,0.00321638223030133
1936-09-01,492.81478136026067,0.0031772250932601883
1936-10-01,494.380564849928,0.003138535740676664
1936-11-01,495.93219592220544,0.0031003112287026685
1936-12-01,497.4697400778982,0.003062548676726148
1937-01-01,498.9932653720851,0.004523943275029689
1937-02-01,501.25068259925024,0.0044602419875159
1937-03-01,503.4863819400504,0.004397169704953191
1937-04-01,505.7002970055737,0.0043347209306293325
1937-05-01,507.89236666762923,0.004272890333805926
1937-06-01,510.06253505177716,0.00421167274391522
1937-07-01,512.210751528347,0.004151063144970511
1937-08-01,514.336970701474,0.004091056670162822
1937-09-01,516.4411523961736,0.004031648596659631
1937-10-01,518.5232616434889,0.0039728343405724615
1937-11-01,520.5832686637318,0.00391460945211068
1937-12-01,522.6211488478535,0.0038569696108923836
1938-01-01,524.6368827369694,0.0049367639258337
1938-02-01,527.2268911738271,0.00489621316228687
1938-03-01,529.808306417904,0.004855436802296467
1938-04-01,532.3807571670478,0.004814432612245222
1938-05-01,534.9438684464847,0.00477319838653753
1938-06-01,537.4972616562416,0.004731731947961645
1938-07-01,540.0405546211623,0.004690031148056847
1938-08-01,542.5733616435494,0.004648093867484959
1938-09-01,545.0952935584655,0.004605918016410763
1938-10-01,547.6059577917272,0.004563501534879762
1938-11-01,550.104958420619,0.004520842393211252
1938-12-01,552.5918962373627,0.0044779385923892825
1939-01-01,555.0663688153655,0.004512552544168412
1939-02-01,557.5711349701456,0.004441679545608339
1939-03-01,560.0476872755642,0.004371524998651662
1939-04-01,562.4959497409263,0.004302083683148688
1939-05-01,564.915854388144,0.004233350548697059
1939-06-01,567.3073412302857,0.004165320708288677
1939-07-01,569.6703582466764,0.0040979894321831025
1939-08-01,572.0048613545993,0.0040313521420014395
1939-09-01,574.3108143776564,0.003965404405038337
1939-10-01,576.5881890108507,0.003900141928769752
1939-11-01,578.8369647824453,0.003835560555562633
1939-12-01,581.0571290126665,0.0037716562575651168
1940-01-01,583.2486767693099,0.005090087561243456
1940-02-01,586.2174636040451,0.004996517646635231
1940-03-01,589.1465095057084,0.004903967983871693
1940-04-01,592.0356651261342,0.004812432021389381
1940-05-01,594.8847965187917,0.004721903465762738
1940-06-01,597.6937851012034,0.00463237627047308
1940-07-01,600.4625276083154,0.004543844625129269
1940-08-01,603.19093603698,0.004456302945117707
1940-09-01,605.8789375817099,0.0043697458616716745
1940-10-01,608.5264745618816,0.004284168212328869
1940-11-01,611.1335043405602,0.004199565031767884
1940-12-01,613.6999992351306,0.004115931543002294
1941-01-01,616.2259464199229,-0.0009662890296134288
1941-02-01,615.6304940481342,-0.0008641535878303456
1941-03-01,615.0984947479247,-0.0007637847694651
1941-04-01,614.6286918859154,-0.0006651741051994039
1941-05-01,614.2198567957603,-0.0005683130590640196
1941-06-01,613.8707876300068,-0.00047319303740643175
1941-07-01,613.5803082474331,-0.00037980539772127257
1941-08-01,613.3472671344252,-0.00028814145734363817
1941-09-01,613.1705363590154,-0.00019819250198278883
1941-10-01,613.0490105562723,-0.00010994979409962712
1941-11-01,612.9816059437886,-2.3404581104682607e-05
1941-12-01,612.9672593660766,6.145189661902559e-05
1942-01-01,613.00492736673,0.0034503581412232225
1942-02-01,615.1200139084798,0.0034133206564450095
1942-03-01,617.2196157581463,0.003376580658245876
1942-04-01,619.3037075746053,0.0033401357585916293
1942-05-01,621.3722660337036,0.0033039836232250323
1942-06-01,623.4252698246052,0.0032681219702268426
1942-07-01,625.4626996457135,0.0032325485686263114
1942-08-01,627.4845382001824,0.0031972612370434698
1942-09-01,629.490770191014,0.003162257842373333
1942-10-01,631.4813823157522,0.003127536298506926
1942-11-01,633.456363260776,0.0030930945650811574
1942-12-01,635.415703695194,0.0030589306462748362
1943-01-01,637.3593962643515,0.003419641366576233
1943-02-01,639.5389368211931,0.003387280066003609
1943-03-01,641.7052343133207,0.0033551029064990633
1943-04-01,643.858221410081,0.003323108031315735
1943-05-01,645.9978318366775,0.0032912936230723713
1943-06-01,648.1240003811201,0.003259657902869867
1943-07-01,650.2366629010021,0.003228199129428527
1943-08-01,652.3357563301016,0.0031969155982474315
1943-09-01,654.4212186848079,0.00316580564078657
1943-10-01,656.4929890703706,0.0031348676236678816
1943-11-01,658.5510076869723,0.003104099947900953
1943-12-01,660.5952158356235,0.0030735010481220937
1944-01-01,662.6255559238788,0.004274561228402406
1944-02-01,665.4579894341796,0.004210630452610962
1944-03-01,668.2599871094244,0.004147377066872227
1944-04-01,671.0315132546704,0.0040847961059417735
1944-05-01,673.7725401669773,0.004022882753890822
1944-06-01,676.4830480988602,0.003961632338653392
1944-07-01,679.1630252187595,0.0039010403267643835
1944-08-01,681.8124675685851,0.0038411023182812515
1944-09-01,684.4313790183959,0.0037818140418893606
1944-10-01,687.0197712182774,0.0037231713501727167
1944-11-01,689.5776635474795,0.0036651702150524044
1944-12-01,692.1050830608791,0.0036078067233795306
1945-01-01,694.6020644328313,0.004589971324540021
1945-02-01,697.7902679905443,0.004512444813327812
1945-03-01,700.9390080661288,0.004435787095274531
1945-04-01,704.0482242726831,0.00435999232694541
1945-05-01,707.1178691283116,0.00428505486316594
1945-06-01,710.1479079922514,0.004210969248951945
1945-07-01,713.1383189950143,0.004137730211756028
1945-08-01,716.0890929626809,0.004065332653999196
1945-09-01,719.0002333354747,0.003993771645889705
1945-10-01,721.871756080758,0.003923042418508607
1945-11-01,724.7036896005861,0.0038531403571516456
1945-12-01,727.4960746339628,0.003784060994920821
1946-01-01,730.2489641539432,0.002539809152838713
1946-02-01,732.1036571569524,0.0024975418174857877
1946-03-01,733.9321166554362,0.002456045972740818
1946-04-01,735.7346876748129,0.0024153183763537113
1946-05-01,737.5117211860747,0.0023753558395614815
1946-06-01,739.2635739597391,0.0023361552246171794
1946-07-01,740.9906084204143,0.0022977134424127864
1946-08-01,742.6931925020835,0.0022600274501900328
1946-09-01,744.3716995042075,0.0022230942493434306
1946-10-01,746.0265079487493,0.002186910883304889
1946-11-01,747.6580014382164,0.002151474435515107
1946-12-01,749.266568514819,0.0021167820274703834
1947-01-01,750.8526025208356,0.001481934220326744
1947-02-01,751.9653166869326,0.0014656501214096137
1947-03-01,753.0674347446306,0.00144992963482952
1947-04-01,754.1593295352919,0.001434770414035866
1947-05-01,755.2413750287783,0.001420170127589569
1947-06-01,756.3139462687138,0.0014061264586371065
1947-07-01,757.3774193195985,0.0013926371044207999
1947-08-01,758.4321712157935,0.0013796997758216852
1947-09-01,759.4785799123958,0.0013673121969334488
1947-10-01,760.5170242380198,0.0013554721046708245
1947-11-01,761.5478838495017,0.0013441772484066913
1947-12-01,762.5715391885444,0.0013334253896445166
1948-01-01,763.5883714403187,0.0038346265505410206
1948-02-01,766.5164476831281,0.003748912565725192
1948-03-01,769.3900508256825,0.0036646666346521464
1948-04-01,772.2096088739767,0.0035818818255198854
1948-05-01,774.9755724374942,0.0035005514073489863
1948-06-01,777.6884142682513,0.003420668838317291
1948-07-01,780.3486287928591,0.0033422277546003615
1948-08-01,782.956731638275,0.003265221959697003
1948-09-01,785.5132591519128,0.0031896454142170206
1948-10-01,788.0187679167734,0.0031154922261102825
1948-11-01,790.4738342622471,0.0030427566413248185
1948-12-01,792.8790537712421,0.0029714330348686526
1949-01-01,795.2350407842733,0.0024633282998166584
1949-02-01,797.1939657652431,0.002485795185664329
1949-03-01,799.175626687383,0.0025072931889350346
1949-04-01,801.1793942929392,0.002527826965203106
1949-05-01,803.2046371697979,0.002547401082200988
1949-06-01,805.2507215317531,0.002566020019342635
1949-07-01,807.3170110037937,0.002583688167349039
1949-08-01,809.4028664124238,0.002600409827974269
1949-09-01,811.5076455810332,0.002616189213829878
1949-10-01,813.6307031303428,0.0026310304483067445
1949-11-01,815.771390283956,0.0026449375655863494
1949-12-01,817.9290546790486,0.00265791451074624
1950-01-01,820.103040182241,0.0008819021151945517
1950-02-01,820.8262907880552,0.0008245163277005654
1950-03-01,821.5030754670158,0.0007692117490799179
1950-04-01,822.1349852845703,0.0007159805647654095
1950-05-01,822.7236179556478,0.0006648149204276898
1950-06-01,823.270576892253,0.0006157069161313399
1950-07-01,823.777470280293,0.0005686486009326307
1950-08-01,824.2459101862477,0.0005236319679046062
1950-09-01,824.6775116942358,0.00048064894958781563
1950-10-01,825.0738920739803,0.0004396914138533723
1950-11-01,825.4366699801199,0.0004007511601765578
1950-12-01,825.7674646832667,0.00036381991631253337
1951-01-01,826.0678953331613,0.0016982666860510512
1951-02-01,827.470778920222,0.0016810063196568558
1951-03-01,828.8617625289182,0.0016643457190258755
1951-04-01,830.2412750550475,0.0016482819832790772
1951-05-01,831.6097467904954,0.0016328122342390702
1951-06-01,832.9676093591673,0.001617933615722666
1951-07-01,834.3152956551577,0.001603643292881057
1951-08-01,835.6532397831832,0.0015899384515820937
1951-09-01,836.9818770013036,0.0015768162978369526
1951-10-01,838.3016436659534,0.00156427405726813
1951-11-01,839.6129771793053,0.001552308974618704
1951-12-01,840.916315938987,0.0015409183133016982
1952-01-01,842.2120992901716,0.001386241083100034
1952-02-01,843.3796083028916,0.0013923449996722044
1952-03-01,844.5538836833376,0.0013985566790427498
1952-04-01,845.7350401581745,0.001404875630394462
1952-05-01,846.9231927058634,0.0014113013696998614
1952-06-01,848.1184565677597,0.0014178334197797533
1952-07-01,849.3209472594135,0.0014244713103614848
1952-08-01,850.5307805820736,0.0014312145781399026
1952-09-01,851.7480726343994,0.0014380627668354234
1952-10-01,852.9729398243787,0.001445015427254638
1952-11-01,854.2054988814557,0.001452072117352797
1952-12-01,855.4458668688709,0.0014592324022939596
1953-01-01,856.6941611962144,0.0050803711049596835
1953-02-01,861.0464854585433,0.005080082033223319
1953-03-01,865.4206722390913,-0.002204498800162402
1953-04-01,863.5128534055045,-0.015601374376748803
1953-05-01,850.0408661003906,-0.0022156156414133055
1953-06-01,848.1575022616181,0.01756892424909068
1953-07-01,863.0587171701504,0.0007450726603644738
1953-08-01,863.7017586246031,0.009101263981635728
1953-09-01,871.5625363312487,0.02012294263846338
1953-10-01,889.100939255676,0.0012701263241792745
1953-11-01,890.2302097634772,0.009639937508321513
1953-12-01,898.8119733536171,0.011536993206060464
1954-01-01,909.1815609837236,0.0035609024465464425
1954-02-01,912.4190678285854,0.011361864051835122
1954-03-01,922.7858492355559,0.009367903507671537
1954-04-01,931.4304180294394,-0.004116530307412423
1954-05-01,927.5961564843753,0.0017954096841726235
1954-06-01,929.2615716067287,0.009160558198828501
1954-07-01,937.774126315367,-0.0023578817150388086
1954-08-01,935.5629658500915,0.00045825387143460784
1954-09-01,935.9916912011631,-0.0016734377061446743
1954-10-01,934.425367412469,-0.0017617498006314374
1954-11-01,932.7791437077251,-0.0004566080305198274
1954-12-01,932.3532292600067,-0.006251925531255198
1955-01-01,926.5242263018479,-0.0008862393314495898
1955-02-01,925.7031040909583,-0.00017738317117944142
1955-03-01,925.538899938784,-0.003407515482145003
1955-04-01,922.3851118079151,0.0017091609122432798
1955-05-01,923.9616163870523,0.0008178348570724011
1955-06-01,924.7172644035306,-0.007340196330290648
1955-07-01,917.9296581327994,-0.003708138638623037
1955-08-01,914.5258476999392,0.002677413549869308
1955-09-01,916.9744115962767,0.0097546645945093
1955-10-01,925.9191894231459,0.0011822395481803287
1955-11-01,927.013847707301,-0.0036990815534682256
1955-12-01,923.5847478834373,0.007537623469043323
1956-01-01,930.546381954734,0.007682278850993524
1956-02-01,937.6950987446934,-0.0077601253294334125
1956-03-01,930.4184672576391,-0.015857074518752852
1956-04-01,915.6647522887109,0.011757383232529384
1956-05-01,926.4305736938884,0.008525794791108524
1956-06-01,934.3291306534114,-0.006664527840930897
1956-07-01,928.102268149579,-0.015500205306415315
1956-08-01,913.7164924479108,-0.0014109296373414975
1956-09-01,912.4273027685883,0.006125726711743353
1956-10-01,918.0165830696818,-0.008979655812561745
1956-11-01,909.7731101234921,-0.005389044710090621
1956-12-01,904.8703021569984,0.014152797676358497
1957-01-01,917.6767484667718,0.012803522022899564
1957-02-01,929.4262429256689,-0.003017368261325523
1957-03-01,926.621821679022,-0.0029026818215987715
1957-04-01,923.9321333617376,-0.006711450287700097
1957-05-01,917.7312087794716,-0.012724989260588933
1957-06-01,906.0530890036455,-0.007331698453090096
1957-07-01,899.41018097258,0.0031278931987289466
1957-08-01,902.2234399605117,0.0034769714436505518
1957-09-01,905.3604450970465,-0.0007129651119258122
1957-10-01,904.7149546859747,0.023402207664957902
1957-11-01,925.8872819331289,0.043684953908590944
1957-12-01,966.3346251689281,0.012900185670221205
1958-01-01,978.8005212531709,0.006335045402072653
1958-02-01,985.0012669948821,0.008975546446448707
1958-03-01,993.8421916166055,0.011595627453461436
1958-04-01,1005.3664154181233,0.00015114254870609694
1958-05-01,1005.5183690605331,-0.0009847385623211625
1958-06-01,1004.5281963473969,-0.015844548105706405
1958-07-01,988.6119010168321,-0.025002238249508084
1958-08-01,963.8943907313102,-0.015637472934581686
1958-09-01,948.8215182844542,-0.0005042961190147548
1958-10-01,948.3430312751457,0.007939029429302849
1958-11-01,955.8719545095133,-0.005921047662842773
1958-12-01,950.2121911072878,-0.009101638896338136
1959-01-01,941.563702868931,0.008192934365641892
1959-02-01,949.2778724876069,0.0009009031627268754
1959-03-01,950.1330799252377,-0.00688676443551719
1959-04-01,943.5897372214001,-0.011469193259438416
1959-05-01,932.7675241675852,0.00042483351975611803
1959-06-01,933.1637950779915,-0.0013330796185973615
1959-07-01,931.9198134419601,0.0014788732024950486
1959-08-01,933.2980046809336,-0.015668503322473933
1959-09-01,918.6746217937321,0.014905999938341349
1959-10-01,932.3683856495452,0.003085282900392953
1959-11-01,935.2450058866567,-0.009268287626887663
1959-12-01,926.5768861704889,0.0030000912040508408
1960-01-01,929.3567013365658,0.021755436746782927
1960-02-01,949.5752622676923,0.0226013124413746
1960-03-01,971.0369094568047,0.0013352159172555212
1960-04-01,972.333453394554,-0.0024342097513644243
1960-05-01,969.9665898207231,0.01963756773661218
1960-06-01,989.0143744305783,0.02290286037293064
1960-07-01,1011.6656325549832,0.011372138730484815
1960-08-01,1023.1704344772621,0.0033973056577085194
1960-09-01,1026.6464571831118,-0.0038690207674047135
1960-10-01,1022.6743407194879,0.00030077957315814203
1960-11-01,1022.9819402711693,0.010355270436911024
1960-12-01,1033.5751949147532,0.003257912852959699
1961-01-01,1036.9424928267663,0.008249738763887876
1961-02-01,1045.4969975057618,0.006579302876074535
1961-03-01,1052.3756389083787,0.00037540154992651256
1961-04-01,1052.7707023543298,0.009086842309578834
1961-05-01,1062.3370637147682,-0.010914945608053665
1961-06-01,1050.741712446902,0.00026625867146543096
1961-07-01,1051.0214815393115,-0.005796899809905829
1961-08-01,1044.9288153127693,0.007911551898037866
1961-09-01,1053.1958238648715,0.008258482555542063
1961-10-01,1061.8936232038293,0.0018314777975952626
1961-11-01,1063.838457798135,-0.00500966191913913
1961-12-01,1058.508986787988,0.0018379961559664478
1962-01-01,1060.4545222367603,0.006817294568958358
1962-02-01,1067.6839530918323,0.012612444313150274
1962-03-01,1081.1500574942472,0.01066510567140365
1962-04-01,1092.6806371040675,0.0009757119839303911
1962-05-01,1093.7467786962986,0.0007419937682329312
1962-06-01,1094.5583319901161,-0.004533557629027984
1962-07-01,1089.5960887137062,0.0063226356697496855
1962-08-01,1096.4852078098272,0.003652171536245728
1962-09-01,1100.4897598757047,0.007366200320776264
1962-10-01,1108.5961878979122,0.004599994502076394
1962-11-01,1113.6957242672654,0.007602809084034106
1962-12-01,1122.1629402365745,0.004858079246652089
1963-01-01,1127.6144967279,-0.003738160845066132
1963-02-01,1123.3992923679027,0.0027701157412053238
1963-03-01,1126.51123843135,0.00032438217317640606
1963-04-01,1126.87665859498,0.00661343754456866
1963-05-01,1134.32918699703,-0.0013593068554191338
1963-06-01,1132.787285556843,0.0007992796672410196
1963-07-01,1133.6926994014977,0.004784852011493697
1963-08-01,1139.1172511946447,-0.00252064141160345
1963-09-01,1136.2459450786116,0.0014394837049453478
1963-10-01,1137.8815526013625,0.0023758557219491763
1963-11-01,1140.5849949990109,0.002446224383837279
1963-12-01,1143.3751218256164,0.0006822381209468045
1964-01-01,1144.155175920268,0.00523433822325964
1964-02-01,1150.1440710909278,-0.002020418775602921
1964-03-01,1147.8202984150473,0.002812335663618143
1964-04-01,1151.0483543757048,0.006274186957169234
1964-05-01,1158.2702469478,0.005936797524670075
1964-06-01,1165.1466628827786,0.00215525265551815
1964-07-01,1167.6578483220248,0.0034322333537181965
1964-08-01,1171.6655225347665,0.002628874858351733
1964-09-01,1174.7456845693557,0.004273492474448773
1964-10-01,1179.765951411754,0.006306174938909039
1964-11-01,1187.205761888325,0.001042628140916626
1964-12-01,1188.4435760247281,0.0027380794816398643
1965-01-01,1191.6976289953282,0.001976792904125435
1965-02-01,1194.0533684121892,0.003574041108066831
1965-03-01,1198.32096423612,0.00430304265410519
1965-04-01,1203.4773904585365,0.002804391487541571
1965-05-01,1206.8524122077872,0.003533023721578016
1965-06-01,1211.116250408561,0.00420138441483584
1965-07-01,1216.204615347582,-0.00025170454034462685
1965-08-01,1215.8984911239108,0.00045745755032325185
1965-09-01,1216.4547130691021,-0.0011880517565882331
1965-10-01,1215.0095019104303,-0.003917356709404386
1965-11-01,1210.2498762861314,-0.009638208214071181
1965-12-01,1198.5852359874318,0.002189265329331214
1966-01-01,1201.2092570888274,-0.013366633216096145
1966-02-01,1185.1531335335417,0.0009972579043258786
1966-03-01,1186.3350368637946,0.013038140578504229
1966-04-01,1201.8026398476297,0.0014008146397565834
1966-05-01,1203.4861425796264,0.0012425532836672706
1966-06-01,1204.9815382379368,-0.011531596552383713
1966-07-01,1191.0861772859062,-0.011577357874125298
1966-08-01,1177.2965463525434,0.006400920637191719
1966-09-01,1184.832328112186,0.016616816354505855
1966-10-01,1204.5204693193077,-0.0060293354905388225
1966-11-01,1197.2580113045603,0.026958435190516664
1966-12-01,1229.5342138086412,0.022424934915788654
1967-01-01,1257.1064385300353,-0.00023140347423694163
1967-02-01,1256.8155397326739,0.010984172907263348
1967-03-01,1270.620618933633,0.00023391505828148783
1967-04-01,1270.9178362297646,-0.015500801253374576
1967-05-01,1251.2175914409981,-0.009049021060381385
1967-06-01,1239.8952971049289,-0.006710936361456837
1967-07-01,1231.574438671188,-0.004215050866771595
1967-08-01,1226.3832897659734,0.002139001143203187
1967-09-01,1229.006525024788,-0.008375596140656083
1967-10-01,1218.7128627169493,-0.01363288448336165
1967-11-01,1202.0982910411421,0.007741887295118087
1967-12-01,1211.4048005280367,0.016668858007996383
1968-01-01,1231.5975351382438,0.0023304447597839806
1968-02-01,1234.4677051601695,-0.008595020890734299
1968-03-01,1223.857429445381,0.011921477597173899
1968-04-01,1238.447618372649,-0.012415253656798943
1968-05-01,1223.071977049894,0.015571487400623325
1968-06-01,1242.117026930582,0.02038365644204299
1968-07-01,1267.4359136683468,0.010135686117419128
1968-08-01,1280.2822462632334,0.0020778601734657673
1968-09-01,1282.942493753539,-0.0032974815049259063
1968-10-01,1278.7120146085033,-0.003458469113080752
1968-11-01,1274.2896286014545,-0.018632005992837854
1968-12-01,1250.547056604741,0.0024642401413928344
1969-01-01,1253.6287048603272,-0.006021355652919718
1969-02-01,1246.080160571654,-0.002826494499953117
1969-03-01,1242.5581218512975,0.014277086865602542
1969-04-01,1260.2982320925285,-0.005982366490716775
1969-05-01,1252.7586661805485,-0.011993554524399893
1969-06-01,1237.7336368117976,-0.004705859020566331
1969-07-01,1231.9090368119485,0.007035861883605395
1969-08-01,1240.5765786481227,-0.026792540263539104
1969-09-01,1207.3383807146893,0.01026014984226871
1969-10-01,1219.725853411144,0.004796833182369224
1969-11-01,1225.5766748581802,-0.022940755110881676
1969-12-01,1197.46102049065,-0.004091707120281462
1970-01-01,1192.561360706849,0.04394502926926658
1970-02-01,1244.9685046085078,0.01783405848269038
1970-03-01,1267.1713457288035,-0.015354558237305506
1970-04-01,1247.7144895041658,-0.027077046967233568
1970-05-01,1213.9300656701637,0.011058260344705228
1970-06-01,1227.3540203766095,0.029147116055574174
1970-07-01,1263.127850449802,0.0024484808850356535
1970-08-01,1266.2205948469846,0.015372792884577244
1970-09-01,1285.6859417977535,0.009869339274202601
1970-10-01,1298.3748125574282,0.03755422115418401
1970-11-01,1347.134267409232,0.03502779940195728
1970-12-01,1394.3214162955453,0.012803153686785515
1971-01-01,1412.1731276771536,0.01500600363658422
1971-02-01,1433.3642027665635,0.0358433393978642
1971-03-01,1484.7407623670745,-0.005880727477728928
1971-04-01,1476.0094065685182,-0.03369009312471223
1971-05-01,1426.2825122082736,-0.0046859620736472065
1971-06-01,1419.5990064497594,-0.00972046461004552
1971-07-01,1405.7998445471087,0.01649047220332065
1971-08-01,1428.9821478070453,0.03529477777987763
1971-09-01,1479.4177551653072,0.018990305129691583
1971-10-01,1507.5123497501797,0.011091064162627583
1971-11-01,1524.2322659472125,-0.00157897681507577
1971-12-01,1521.8255385384914,0.005048768096440879
1972-01-01,1529.5088827658135,-0.004334099702552428
1972-02-01,1522.879838771967,0.005660710606102171
1972-03-01,1531.5004208271225,-0.0037837174791467984
1972-04-01,1525.7056559155183,0.009974034186508544
1972-05-01,1540.923096286169,0.006417464607437429
1972-06-01,1550.8119157193685,0.004710235153396022
1972-07-01,1558.1166045210953,-0.0018208566238842065
1972-08-01,1555.279497580969,-0.016072204388004326
1972-09-01,1530.282727615375,0.01024328864971276
1972-10-01,1545.957855310009,0.018021014871966234
1972-11-01,1573.8175848119838,0.0011391306404886648
1972-12-01,1575.610368645383,-0.0023969026123362327
1973-01-01,1571.8337840367528,-0.007317414392713261
1973-02-01,1560.3320248824893,0.0003082362588012241
1973-03-01,1560.8129757883269,0.008512577841925257
1973-04-01,1574.099517741412,-0.006675223727846826
1973-05-01,1563.5920512905923,0.002889958553118608
1973-06-01,1568.1107675128078,-0.01157025203560506
1973-07-01,1549.9673307129385,-0.012226408448106163
1973-08-01,1531.0167970464213,0.027931593229368355
1973-09-01,1573.7805354488523,0.025213555024981713
1973-10-01,1613.4611375766372,0.006220884692435583
1973-11-01,1623.4982932692274,0.006947605590839611
1973-12-01,1634.7777190882632,-0.007356050144564288
1974-01-01,1622.7522122114335,0.008001446757447031
1974-02-01,1635.7365776379727,-0.011873344389512996
1974-03-01,1616.3149139211537,-0.015107394300274487
1974-04-01,1591.8966072031326,0.0003687097988463823
1974-05-01,1592.4835550809587,0.00809006094866398
1974-06-01,1605.3668441013087,-0.012047378330018517
1974-07-01,1586.0263823719524,-0.008744468450251813
1974-08-01,1572.1574247100339,0.00804444165218535
1974-09-01,1584.8045533811637,0.0177394585538684
1974-10-01,1612.9181280718508,0.02018362783011239
1974-11-01,1645.4726672892946,0.022391489510866478
1974-12-01,1682.3172512593203,0.0016422882934661353
1975-01-01,1685.0801011869596,0.013967436360934794
1975-02-01,1708.616350263366,-0.016134446235115868
1975-03-01,1681.0487716236019,-0.025910806057397266
1975-04-01,1637.4914429290368,0.018254865817845467
1975-05-01,1667.3836294975765,0.0198656570490536
1975-06-01,1700.5073008503816,-0.007064243918226634
1975-07-01,1688.4945024924493,-0.014902747391866828
1975-08-01,1663.3312954492485,0.0050199160482358755
1975-09-01,1671.6810789128072,0.02513228314424482
1975-10-01,1713.6942411149205,0.011795992259684477
1975-11-01,1733.908965118578,0.00938429323266679
1975-12-01,1750.1804752860005,0.02182747458586238
1976-01-01,1788.3824951309782,0.003212652189608159
1976-02-01,1794.1279460698177,0.010623479031137098
1976-03-01,1813.1878266840674,0.01801867159103065
1976-04-01,1845.8590626659422,-0.01543877728709587
1976-05-01,1817.3612556940752,0.009023987163447622
1976-06-01,1833.7611003368056,0.008639611255658946
1976-07-01,1849.604083379465,0.010993430183515507
1976-08-01,1869.9375767372424,0.017602333156460072
1976-09-01,1902.852840944755,0.018549280333539902
1976-10-01,1938.149391724912,0.01668036781768272
1976-11-01,1970.4784364645016,0.03360986679372649
1976-12-01,2036.705954233984,-0.018282409675851957
1977-01-01,1999.4700615894312,-0.005903397816141521
1977-02-01,1987.6663943944038,0.001908100980943431
1977-03-01,1991.459062591336,0.012686654047091572
1977-04-01,2016.7240147673776,8.566475581348707e-05
1977-05-01,2016.8967769376459,0.018598575526421274
1977-06-01,2054.4081839725163,0.002813361883788488
1977-07-01,2060.1879776510477,0.001133520795310826
1977-08-01,2062.5232435659645,0.009558612465637268
1977-09-01,2082.238103952581,-0.005934467033987807
1977-10-01,2069.881130567761,0.0030482722836442148
1977-11-01,2076.190691848509,-0.0009074491450812843
1977-12-01,2074.306654380165,-0.009865185789914636
1978-01-01,2053.8432338494486,0.002134719620146266
1978-02-01,2058.2276132974516,0.006150061934579665
1978-03-01,2070.885840594693,-0.0003600184677363527
1978-04-01,2070.140283447505,-0.0058429976734179975
1978-05-01,2058.0444585876726,-0.00031914364245349083
1978-06-01,2057.3876467828277,-0.0038863317007273865
1978-07-01,2049.3919559504507,0.02051355142531473
1978-08-01,2091.4322632294666,0.0057180246108882015
1978-09-01,2103.3911243826183,-0.006406574430653869
1978-10-01,2089.9155925874843,-0.0029995644693027483
1978-11-01,2083.646756032117,-0.005131068117435216
1978-12-01,2072.9554225942434,0.0014531646848869315
1979-01-01,2075.967768207702,0.007565677986857272
1979-02-01,2091.6738718530564,0.00618565436211547
1979-03-01,2104.6122434626072,0.003730963395365354
1979-04-01,2112.464474704404,0.0035072291761441515
1979-05-01,2119.8733717436553,0.028516379003127115
1979-06-01,2180.3244842509343,0.004646971066736459
1979-07-01,2190.4563890453455,0.0019057161923127714
1979-08-01,2194.630777254504,-0.01048984761887221
1979-09-01,2171.6094348214174,-0.047431785182425884
1979-10-01,2068.6061226088386,-0.010858368276081247
1979-11-01,2046.1444355113954,0.024060457127130695
1979-12-01,2095.3756059779344,-0.012576086359432902
1980-01-01,2069.023981401707,-0.08023985488712611
1980-02-01,1903.00579737605,-0.00913582819754938
1980-03-01,1885.6202633522819,0.08492921820134824
1980-04-01,2045.7645181434116,0.08586506819464747
1980-05-01,2221.4242280039857,0.03341912194615478
1980-06-01,2295.6622751737937,-0.01710945038042725
1980-07-01,2256.384755386489,-0.03935348927070976
1980-08-01,2167.5881421247936,-0.015012105569222877
1980-09-01,2135.0480801046206,-0.003250957088667646
1980-10-01,2128.107130413958,-0.03654959781585025
1980-11-01,2050.325670688285,-0.00015009698692432995
1980-12-01,2050.017922982901,0.023643214119103015
1981-01-01,2098.4869356839845,-0.022903226674394705
1981-02-01,2050.4248137227582,0.014385482078489933
1981-03-01,2079.921163133858,-0.018494222567174923
1981-04-01,2041.4546382206831,-0.010467175268828571
1981-05-01,2020.0863747190642,0.04303545322081809
1981-06-01,2107.0217074002985,-0.028800284923780617
1981-07-01,2046.3388818865792,-0.020645394810121738
1981-08-01,2004.0914077547277,-0.00672955838307133
1981-09-01,1990.6047576212306,0.020677262490052365
1981-10-01,2031.765014708512,0.09734174458741941
1981-11-01,2229.5405658319223,-0.003297647160708832
1981-12-01,2222.1883277153215,-0.030457813867407545
1982-01-01,2154.5053292514426,0.020290555826055278
1982-02-01,2198.2214399121526,0.040959121525741306
1982-03-01,2288.2586590100045,0.010699560910097664
1982-04-01,2312.7420219101405,0.02325336510977342
1982-05-01,2366.5210565503326,-0.02200678355247427
1982-06-01,2314.4415398864567,0.028190733189025555
1982-07-01,2379.687343818993,0.05432481788830101
1982-08-01,2508.9634254030548,0.04574754193358385
1982-09-01,2623.742334916509,0.08210741306850912
1982-10-01,2839.1710305948336,0.0261086820780687
1982-11-01,2913.298044397897,0.009001727157747117
1982-12-01,2939.522758522765,0.01267519174182836
1983-01-01,2976.781773116509,-0.006441388614909603
1983-02-01,2957.607164894086,0.021698200874699456
1983-03-01,3021.7819192664083,0.01492491832879887
1983-04-01,3066.8817676189005,0.009578171801579273
1983-05-01,3096.2568880842855,-0.018213704952334035
1983-06-01,3039.8625786680864,-0.02000077369891461
1983-07-01,2979.062975156347,-0.015367499437521755
1983-08-01,2933.28222656129,0.01947308302301137
1983-09-01,2990.4022748890416,0.01522019113871684
1983-10-01,3035.9167690945064,0.0014003883533499225
1983-11-01,3040.168231579686,0.0014753260690388479
1983-12-01,3044.6534710259994,0.017653969478833832
1984-01-01,3098.403690477118,0.000240886653739784
1984-02-01,3099.150054574052,-0.016505064253254834
1984-03-01,3047.998383792829,-0.006531168373335066
1984-04-01,3028.091393146625,-0.03001763410332968
1984-05-01,2937.1952536757076,0.002615936133561327
1984-06-01,2944.8787688711227,0.020955936587571805
1984-07-01,3006.5914616096725,0.04286433111357992
1984-08-01,3135.4669935433717,0.019375944253330116
1984-09-01,3196.2196272184246,0.028693265717808444
1984-10-01,3287.9296062746776,0.04031247715803106
1984-11-01,3420.4741934248395,0.011912635717863548
1984-12-01,3461.221056473463,0.01562142575641257
1985-01-01,3515.290264233695,0.0021339864670486654
1985-02-01,3522.7918460853175,-0.010051577090423362
1985-03-01,3487.382232270876,0.03423622713344413
1985-04-01,3606.7770424760392,0.04246216848727841
1985-05-01,3759.9286169497045,0.047768434130568214
1985-06-01,3939.534519424105,0.0006023676248471067
1985-07-01,3941.9075674755736,0.0070751250962449354
1985-08-01,3969.797056633298,0.006142507237494159
1985-09-01,3994.181563785051,0.015172993115106996
1985-10-01,4054.785253152849,0.03311289791389069
1985-11-01,4189.0509433032485,0.035373354243446585
1985-12-01,4337.231726264558,0.011128375866376656
1986-01-01,4385.498071134004,0.03957409848725232
1986-02-01,4559.050203716716,0.06796986257554587
1986-03-01,4868.928219538356,0.03805795410915991
1986-04-01,5054.22966627834,-0.019999954877168012
1986-05-01,4953.145301013929,0.0006936767182518988
1986-06-01,4956.5811825913615,0.03807263504383855
1986-07-01,5145.29128902132,0.014984537174419735
1986-08-01,5222.391097614878,-0.010727628197795646
1986-09-01,5166.367227616188,0.007651885057063695
1986-10-01,5205.899675804488,0.016490039336487263
1986-11-01,5291.74516624031,0.013613327273871443
1986-12-01,5363.783425038267,0.00786023338064877
1987-01-01,5405.944014562323,-0.005473609995788602
1987-02-01,5376.353985367541,0.006360909890415101
1987-03-01,5410.552488607438,-0.04407652206673616
1987-04-01,5172.074152450098,-0.03129040147616604
1987-05-01,5010.237875755433,0.020706480271775466
1987-06-01,5113.9822674866655,0.00432998747914572
1987-07-01,5136.125746673456,-0.01229104951228065
1987-08-01,5072.997370819793,-0.03246067772916662
1987-09-01,4908.324438044702,0.0015274411344049783
1987-10-01,4915.821614692377,0.04805567416004433
1987-11-01,5152.054736436937,-0.000519549643894754
1987-12-01,5149.377988233295,0.026508706534262978
1988-01-01,5285.881338157365,0.03798934394164955
1988-02-01,5486.6885023473715,-0.0031748676357320296
1988-03-01,5469.268992593926,-0.014643224942030757
1988-04-01,5389.181256466899,-0.015255913928859829
1988-05-01,5306.964371071215,0.017604325842341017
1988-06-01,5400.389901093247,-0.0009295530511278642
1988-07-01,5395.369952183406,-0.004577304730872898
1988-08-01,5370.673699776467,0.023810706653728187
1988-09-01,5498.553235774738,0.017760078582598773
1988-10-01,5596.2079733327,-0.0027550081881593104
1988-11-01,5580.790374543526,-0.0029344565224422694
1988-12-01,5564.413787828564,0.007542776996023232
1989-01-01,5606.3849201437515,0.002400458130908746
1989-02-01,5619.842812410315,-0.004359560567450328
1989-03-01,5595.342767290062,0.018779523242743103
1989-04-01,5700.4206368395,0.027457895990390106
1989-05-01,5856.942193787312,0.0431606688117518
1989-06-01,6109.731736062941,0.023748404322948682
1989-07-01,6254.828115635715,0.0001961068305344801
1989-08-01,6256.0547301530105,0.001178717826506067
1989-09-01,6263.428853387039,0.017338771169799004
1989-10-01,6372.029013014234,0.014938614389915504
1989-11-01,6467.218297321007,0.007534536385315192
1989-12-01,6515.945788893949,-0.014305911511513754
1990-01-01,6422.729245024211,-0.01016605383949429
1990-02-01,6357.435433722801,-0.0009370950298448557
1990-03-01,6351.477912575299,-0.005510169761200657
1990-04-01,6316.480191042493,0.009017391355064564
1990-05-01,6373.438364911636,0.02447524612979877
1990-06-01,6529.429837585951,0.007893126292777474
1990-07-01,6580.967451913846,-0.008922457833034544
1990-08-01,6522.249047323572,-0.0013530661096464458
1990-09-01,6513.424013178965,0.017674633562445093
1990-10-01,6628.5463958487335,0.02621832518805443
1990-11-01,6802.335780779202,0.024399761014206774
1990-12-01,6968.311148168602,0.006570633657636095
1991-01-01,7014.097367935639,0.02309105551149403
1991-02-01,7176.060279621665,-0.010287499708610728
1991-03-01,7102.2365615860845,0.011468198097232605
1991-04-01,7183.686417407762,0.004923238454972283
1991-05-01,7219.053418626406,-0.006583719644910617
1991-06-01,7171.525194816536,0.00757430745627329
1991-07-01,7225.844531572487,0.030414399764152462
1991-08-01,7445.614255789347,0.022165367449874566
1991-09-01,7610.6490316589425,0.015360713985024399
1991-10-01,7727.554034674658,0.014379874528762824
1991-11-01,7838.675292107515,0.02711768799357715
1991-12-01,8051.242042961849,0.008295898291402442
1992-01-01,8118.034328069723,-0.014737745239296095
1992-02-01,7998.392806298772,-0.007165442045868832
1992-03-01,7941.080786185144,0.011050681796441591
1992-04-01,8028.835143073112,0.012735419683394074
1992-05-01,8131.085728188931,0.015504688327299463
1992-06-01,8257.155678167053,0.035883211821892164
1992-07-01,8553.448944413061,0.022727162340119924
1992-08-01,8747.844567140664,0.01705501540264923
1992-09-01,8897.03919097323,-0.005331808852970896
1992-10-01,8849.60187864957,-0.012677923370805928
1992-11-01,8737.40730416991,0.010906767763597138
1992-12-01,8832.704176492449,0.01695786709659062
1993-01-01,8982.488000020909,0.030864461721397087
1993-02-01,9259.727657060463,0.025783482853172546
1993-03-01,9498.475686331329,0.006609366464044675
1993-04-01,9561.25459299211,0.0007482966522591021
1993-05-01,9568.409247795444,0.010868982550777482
1993-06-01,9672.40812094843,0.015539586355809426
1993-07-01,9822.71334221254,0.01412441643891237
1993-08-01,9961.453436018011,0.026144258183962068
1993-09-01,10221.888246536782,0.00678144632867341
1993-10-01,10291.20743305837,-0.02076012434550356
1993-11-01,10077.560687082707,0.00213613235677384
1993-12-01,10099.087690543736,0.006922617141713136
1994-01-01,10168.999808105958,-0.010820023993568182
1994-02-01,10058.970986191662,-0.031064234707891884
1994-03-01,9746.49675055673,-0.028632118114069943
1994-04-01,9467.43390439639,-0.008504720015683039
1994-05-01,9386.916029772514,0.011858543542480105
1994-06-01,9498.231182241176,-0.007521462694159614
1994-07-01,9426.790590743445,0.01021426301533514
1994-08-01,9523.078309227785,-0.008351500472180707
1994-09-01,9443.546316231656,-0.012136576162107454
1994-10-01,9328.93399712432,-0.008119092854323497
1994-11-01,9253.191515769813,0.013624761166099831
1994-12-01,9379.264040196358,0.0075770567257519295
1995-01-01,9450.331255874731,0.027727335505399592
1995-02-01,9712.363761243534,0.02468460646631337
1995-03-01,9952.109638547514,0.015713901477438483
1995-04-01,10108.496108900315,0.03510126063614785
1995-05-01,10463.317065458312,0.0365066167113169
1995-06-01,10845.29737109598,-0.0024217067880167183
1995-07-01,10819.033240834337,-0.008293687613507685
1995-08-01,10729.3035588547,0.02392820721881765
1995-09-01,10986.036557724574,0.01528784648340569
1995-10-01,11153.98939808015,0.01239583862765089
1995-11-01,11292.25245071328,0.018301534976262808
1995-12-01,11498.918003900799,0.008964793830525251
1996-01-01,11602.003433079884,-0.006754716246980464
1996-02-01,11523.635191992937,-0.028215371303113565
1996-03-01,11198.49154628923,-0.012021810958992272
1996-04-01,11063.865397893867,-0.01030923848432925
1996-05-01,10949.805370948461,-0.006096385554768339
1996-06-01,10883.051135657486,0.008828952094073514
1996-07-01,10979.137072771558,0.021622619134118823
1996-08-01,11216.534772117382,-0.007450626095144411
1996-09-01,11132.96456544715,0.025952342730226025
1996-10-01,11421.891077453096,0.0272857484980886
1996-11-01,11733.545924765043,-0.0014616035374790865
1996-12-01,11716.396132534233,-0.012586129402647112
1997-01-01,11568.932054677483,0.017159846538916713
1997-02-01,11767.453153354903,-0.013549498519899322
1997-03-01,11608.010064270537,-0.008225215663927145
1997-04-01,11512.531678062875,0.018248438832372534
1997-05-01,11722.617408195756,0.02042946081583582
1997-06-01,11962.104161195526,0.023603022512889097
1997-07-01,12244.445975013748,-0.00040357212652706
1997-08-01,12239.504457913466,0.011046290645968867
1997-09-01,12374.70558151821,0.016349365589084085
1997-10-01,12577.02416712773,0.014565377685913
1997-11-01,12760.213274286802,0.009149005556078761
1997-12-01,12876.956536430002,0.022598964638635713
1998-01-01,13167.962421850032,0.002315014657883655
1998-02-01,13198.446447871076,-0.0014519768689305052
1998-03-01,13179.28260892295,0.005274511416417308
1998-04-01,13248.796885503903,0.00371656922595802
1998-05-01,13298.036956289536,0.015363448046279392
1998-06-01,13502.340656184993,0.007204917294245153
1998-07-01,13599.62390389153,0.013319943520628484
1998-08-01,13780.770126193154,0.04311125623869807
1998-09-01,14374.876438270063,0.02401765949841292
1998-10-01,14720.127325896192,-0.017052324783830276
1998-11-01,14469.114933875675,0.015206724791575527
1998-12-01,14689.142782652798,-0.0027708879265218194
1999-01-01,14648.44081426539,-0.017757656627110083
1999-02-01,14388.31883216312,-0.013592995121331435
1999-03-01,14192.738484473366,0.008016365180200768
1999-04-01,14306.512659071994,-0.02235386914022806
1999-05-01,13986.706747238082,-0.022104632281404576
1999-06-01,13677.535737762544,0.012470012035176017
1999-07-01,13848.094773023993,-0.00703221576633806
1999-08-01,13750.71198262739,0.005974208553911155
1999-09-01,13832.861603776371,-0.009039798754141957
1999-10-01,13707.815318684336,0.011536624393955412
1999-11-01,13865.957235277705,-0.01140137551230842
1999-12-01,13707.866250000694,-0.0188523718664849
2000-01-01,13449.440457959643,0.015145602716832499
2000-02-01,13653.140339899594,0.02331290913984471
2000-03-01,13971.434760117221,0.023605455478486848
2000-04-01,14301.236841317752,-0.02598346106239973
2000-05-01,13929.641210707216,0.02846084756731176
2000-06-01,14326.090605872498,0.008621360059681343
2000-07-01,14449.600991233343,0.018813269801100777
2000-08-01,14721.445233199669,0.006912687552804485
2000-09-01,14823.209984422501,0.009630164621386253
2000-10-01,14965.959936789866,0.0064460408180851084
2000-11-01,15062.43112542424,0.03641992192558758
2000-12-01,15611.003691021731,0.01076669678353648
2001-01-01,15779.082634249631,0.008880907413223975
2001-02-01,15919.215206190012,0.020269061942451722
2001-03-01,16241.882765279497,-0.013829802138092418
2001-04-01,16017.260740285588,-0.013455847113606123
2001-05-01,15801.73492858554,0.012626142756122796
2001-06-01,16001.249889588273,0.007935152697722587
2001-07-01,16128.222250816572,0.02335712752473427
2001-08-01,16504.93119467615,0.022898837022347476
2001-09-01,16882.8749241681,0.016279577811657526
2001-10-01,17157.721000180576,-0.002019086657795185
2001-11-01,17123.07807463094,-0.0256553577870658
2001-12-01,16683.77938021042,0.008271083523021533
2002-01-01,16821.772312943805,0.014647525682891927
2002-02-01,17068.16965492941,-0.023375405861748872
2002-03-01,16669.19426192825,0.010197771225273954
2002-04-01,16839.182891521043,0.0089460331153891
2002-05-01,16989.826779304683,0.022488607125801814
2002-06-01,17371.904318879893,0.025561665285261482
2002-07-01,17815.95912244669,0.03365354492113226
2002-08-01,18415.529303087005,0.03268705789464765
2002-09-01,19017.47877557759,-0.0006742457177156001
2002-10-01,19004.65632195141,-0.003697534237454133
2002-11-01,18934.385954529946,0.005157985954296348
2002-12-01,19032.049251336637,0.0036738188651922175
2003-01-01,19101.969552919465,0.016538460751815566
2003-02-01,19417.8867266528,0.011537603013152774
2003-03-01,19641.922595059288,-0.0074949244085537724
2003-04-01,19494.707869970654,0.03546902616308396
2003-05-01,20186.166173452322,0.02279600544053709
2003-06-01,20646.330127365927,-0.044614694502484405
2003-07-01,19725.200416136056,-0.031120803209464875
2003-08-01,19111.33633571823,0.018722414966421838
2003-09-01,19469.146705158404,0.0031626171494784873
2003-10-01,19530.72016241385,0.0027102905394628487
2003-11-01,19583.654088498937,0.006286374575445912
2003-12-01,19706.764273655204,0.013375778667035902
2004-01-01,19970.357590823067,0.010171664624720562
2004-02-01,20173.48937067266,0.024680026439809735
2004-03-01,20671.371621724084,-0.03611084030172642
2004-04-01,19924.911022274366,-0.02399950068988853
2004-05-01,19446.723106449324,0.003623054138255978
2004-06-01,19517.179637075664,0.02223695912444779
2004-07-01,19951.18236288982,0.020898735097058738
2004-08-01,20368.136837964965,0.015427849459216983
2004-09-01,20682.37338686582,0.005720548247518938
2004-10-01,20800.687901698588,-0.00338927729916973
2004-11-01,20730.188602386246,0.0008307323251481446
2004-12-01,20747.409840164666,0.0034410577329175235
2005-01-01,20818.802875233174,0.007955843807745132
2005-02-01,20984.434019172764,-0.021881336226750318
2005-03-01,20525.266562871187,0.01667352769550121
2005-04-01,20867.495163364765,0.019699921736637406
2005-05-01,21278.58318492271,0.013962436100573898
2005-06-01,21575.68404295294,-0.010252456357172795
2005-07-01,21354.480283926416,-0.002904535602939335
2005-08-01,21292.455435659485,0.008730846508780574
2005-09-01,21478.35659586328,-0.015922898712019344
2005-10-01,21136.358899286715,-0.0024062970546987884
2005-11-01,21085.498541120305,0.008757335654299097
2005-12-01,21270.15132928313,0.00698439723372555
2006-01-01,21418.7105153883,-0.008045072193434808
2006-02-01,21246.39544300172,-0.007782798048310962
2006-03-01,21081.03903801428,-0.01631030135798244
2006-04-01,20737.200938364876,-0.004572403269496625
2006-05-01,20642.38209299409,0.0038251135850671573
2006-06-01,20721.341549166147,0.005829498718262746
2006-07-01,20842.136583167696,0.019864277877988928
2006-08-01,21256.150575826738,0.015592380298929178
2006-09-01,21587.58455929633,0.0031676283773867915
2006-10-01,21655.966004745595,0.01279928420963196
2006-11-01,21933.14686847446,0.006559570430650198
2006-12-01,22077.018890124014,-0.010406467316753612
2007-01-01,21847.275114592587,0.007098861239485289
2007-02-01,22002.36588909194,0.016548426600283855
2007-03-01,22366.470426040167,-0.005896030008274681
2007-04-01,22234.597045229046,-0.0005828784916220379
2007-05-01,22221.6369768415,-0.02169986156005499
2007-06-01,21739.43053080624,0.01184660941837286
2007-07-01,21996.96907328255,0.02949320661783972
2007-08-01,22645.730227127104,0.015760831100459914
2007-09-01,23002.645756383434,0.003462920928071764
2007-10-01,23082.302099774235,0.03302244550823647
2007-11-01,23844.536163068682,0.009101894155037408
2007-12-01,24061.566607400895,0.03119479338719224
2008-01-01,24812.16220629093,0.004318901778708383
2008-02-01,24919.32349777728,0.023339978921141705
2008-03-01,25500.939982944514,-0.009979234065343201
2008-04-01,25246.46013396844,-0.012244904354794762
2008-05-01,24937.31964433086,-0.013508738073898527
2008-06-01,24600.44792499051,0.011605538047925204
2008-07-01,24885.94935937999,0.013629763057514786
2008-08-01,25225.13895260965,0.01950950891397817
2008-09-01,25717.269025861926,-0.001791996097661394
2008-10-01,25671.183780125073,0.027316049613184807
2008-11-01,26372.419109892155,0.08644617891758573
2008-12-01,28652.21397075545,-0.004265549579060635
2009-01-01,28529.996531513338,-0.026410955895914592
2009-02-01,27776.492051408943,0.007207168181561591
2009-03-01,27976.681901117256,-0.005603207836631488
2009-04-01,27819.92273784597,-0.026042000242610417
2009-05-01,27095.43630315758,-0.032474919541029296
2009-06-01,26215.514189283454,0.017874935100462515
2009-07-01,26684.11480404215,0.0007564611794928137
2009-08-01,26704.300301000538,0.019034324153144454
2009-09-01,27212.598609212695,0.005330552948066439
2009-10-01,27357.656806953582,0.003917992143047555
2009-11-01,27464.843891375418,-0.010025184589786842
2009-12-01,27189.5037616347,-0.006794607906743854
2010-01-01,27004.761744395455,0.007679373397676148
2010-02-01,27212.141393345948,0.001100152071652353
2010-03-01,27242.078887073934,-0.005232578446261808
2010-04-01,27099.532572258067,0.03908415062004308
2010-05-01,28158.694785044965,0.02134251864542928
2010-06-01,28759.67225352574,0.01933844781792462
2010-07-01,29315.83967466116,0.028508878765054115
2010-08-01,30151.60139384184,0.007304174296401235
2010-09-01,30371.833945738075,0.013599357666114592
2010-10-01,30784.871378542008,-0.01218950798969454
2010-11-01,30409.61894291155,-0.037718311643973886
2010-12-01,29262.61945864832,-0.0025717693917734386
2011-01-01,29187.362749601456,-0.01139905149107982
2011-02-01,28854.654498729924,0.01840480044736527
2011-03-01,29385.71865675672,0.00017842619844952727
2011-04-01,29390.96183882535,0.028312402549010383
2011-05-01,30223.090581708777,0.018361293685248876
2011-06-01,30778.02562395541,0.004094146722888886
2011-07-01,30904.03537670072,0.060338519641206276
2011-08-01,32768.73912227031,0.026981117962547627
2011-09-01,33652.87633801223,-0.011106287656848275
2011-10-01,33279.117812921926,0.014399032635722729
2011-11-01,33758.30491639825,0.004793751677148326
2011-12-01,33920.13384720892,0.0044261205547382
2012-01-01,34070.26844884952,0.0031310813718843753
2012-02-01,34176.945231724814,-0.014395904067829432
2012-03-01,33684.93720683744,0.013904555833964072
2012-04-01,34153.31129699349,0.02486730831870777
2012-05-01,35002.61221912063,0.017940739083553748
2012-06-01,35630.584952186684,0.010469051556622103
2012-07-01,36003.60338304373,-0.01034774250851152
2012-08-01,35631.04736585742,0.00032042006611338313
2012-09-01,35642.464268410076,0.00019914977799458583
2012-10-01,35649.56245725631,0.010284887576138137
2012-11-01,36016.214199267706,-0.002689256079492367
2012-12-01,35919.357376272026,-0.01211721268905981
2013-01-01,35484.11488328939,-0.0030977541122289946
2013-02-01,35374.19382049087,0.005013728430822889
2013-03-01,35551.55042176611,0.02073167997225034
2013-04-01,36288.593787627484,-0.011749592856270656
2013-05-01,35862.21758529627,-0.028725294130810933
2013-06-01,34832.06483697549,-0.020304124413623448
2013-07-01,34124.830258942144,-0.009927482790473386
2013-08-01,33786.05659381867,-0.0022797798296214566
2013-09-01,33709.03182347363,0.020147676695598058
2013-10-01,34388.190498374606,-0.004233020460678737
2013-11-01,34242.62458438927,-0.011851883623920456
2013-12-01,33836.78498283749,0.0056930957672063085
2014-01-01,34029.42104019915,0.01662388532810592
2014-02-01,34595.12223335326,0.0023825388382771825
2014-03-01,34677.54645568917,0.003867225675014752
2014-04-01,34811.652353689125,0.01580063924897726
2014-05-01,35361.69871419058,-0.0005546206267817613
2014-06-01,35342.086386685645,0.007396596992271825
2014-07-01,35603.497556554015,0.012167511954522574
2014-08-01,36036.7035386962,-0.006624812328735915
2014-09-01,35797.967140806046,0.021358159401934848
2014-10-01,36562.54582926461,-0.00028132817535459387
2014-11-01,36552.25975496014,0.010213580388350504
2014-12-01,36925.589198343296,0.027626873726180213
2015-01-01,37945.72778839073,-0.006888766630216444
2015-02-01,37684.32852504279,-0.0031521963062482437
2015-03-01,37565.5401238627,0.011380556624998768
2015-04-01,37993.056880390985,-0.020000648944444598
2015-05-01,37233.17108739997,-0.01134672830105558
2015-06-01,36810.69641128452,0.006228689296837599
2015-07-01,37039.97880203063,0.014946055900229455
2015-08-01,37593.58039574909,0.0029079547096394695
2015-09-01,37702.90082491312,0.011152282199906034
2015-10-01,38123.37421466762,-0.014710868732368739
2015-11-01,37562.54626096068,0.0029696517763401153
2015-12-01,37674.093943188396,0.015463331589456675
2016-01-01,38256.66095016426,0.03033273367239438
2016-02-01,39417.09005796068,-0.007769595049623029
2016-03-01,39110.835230175806,0.009311979379278034
2016-04-01,39475.034521345544,0.001774599752209693
2016-05-01,39545.08690782559,0.016583490642314055
2016-06-01,40200.882486511015,0.013396560701078277
2016-07-01,40739.436048978474,-0.0036079007573604853
2016-08-01,40592.452206802926,-0.0040206242700829165
2016-09-01,40429.24520827807,-0.00838153221829162
2016-10-01,40090.38618700368,-0.016403899040079956
2016-11-01,39432.747539514254,-0.026989095234468945
2016-12-01,38368.49336081353,0.006654620644764196
2017-01-01,38623.8211288409,0.002739716191315313
2017-02-01,38729.63943695805,-0.0051072452341445
2017-03-01,38531.83767052351,0.01935716025855758
2017-04-01,39277.70462736856,0.0008837947621606562
2017-05-01,39312.418056987925,0.010284476139309063
2017-06-01,39716.72568247356,-0.00838978428931214
2017-07-01,39383.51092131982,
