,1871,1872,1873,1874,1875,1876,1877,1878,1879,1880,1881,1882,1883,1884,1885,1886,1887,1888,1889,1890,1891,1892,1893,1894,1895,1896,1897,1898,1899,1900,1901,1902,1903,1904,1905,1906,1907,1908,1909,1910,1911,1912,1913,1914,1915,1916,1917,1918,1919,1920,1921,1922,1923,1924,1925,1926,1927,1928,1929,1930,1931,1932,1933,1934,1935,1936,1937,1938,1939,1940,1941,1942,1943,1944,1945,1946,1947,1948,1949,1950,1951,1952,1953,1954,1955,1956,1957,1958,1959,1960,1961,1962,1963,1964,1965,1966,1967,1968,1969,1970,1971,1972,1973,1974,1975,1976,1977,1978,1979,1980
1,0.0325,0.0325,0.0325,0.0325,0.0325,0.0325,0.0325,0.0325,0.0325,0.0325,0.0325,0.0325,0.0325,0.0325,0.0325,0.0325,0.0325,0.0325,0.0325,0.0325,0.0325,0.0325,0.0325,0.0325,0.0325,0.0325,0.0325,0.0325,0.0325,0.0325,0.0325,0.0325,0.0325,0.0325,0.0325,0.0325,0.0325,0.0325,0.0325,0.0325,0.0325,0.0325,0.0325,0.0325,0.0325,0.0325,0.0325,0.0325,0.0325,0.0325,0.0325,0.0325,0.0325,0.0325,0.0325,0.0325,0.0325,0.0325,0.0325,0.0325,0.0325,0.0325,0.0325,0.0325,0.0325,0.0325,0.0325,0.0325,0.0325,0.0325,0.0325,0.0325,0.0325,0.0325,0.0325,0.0325,0.0325,0.0325,0.0325,0.0325,0.0325,0.0325,0.0325,0.0325,0.0325,0.0325,0.0325,0.0325,0.0325,0.0325,0.0325,0.0325,0.0325,0.0325,0.0325,0.0325,0.0325,0.0325,0.0325,0.0325,0.0325,0.0325,0.0325,0.0325,0.0325,0.0325,0.0325,0.0325,0.0325,0.0325
2,0.030930476163583603,0.03182839206083288,0.031588283513220454,0.029284897029092132,0.029981665989707394,0.03619837636886471,0.028023659411104754,0.026895849182357934,0.0309717720490496,0.026815417041844224,0.035859258908163376,0.031910110563675494,0.03175986201192823,0.031716633700108535,0.027167783985533923,0.031463295279817984,0.03472889576585295,0.030889531148754347,0.030494989192193886,0.03560339696744377,0.027646945385340547,0.03567568065877584,0.031042644737664816,0.03092097217442806,0.033361022684501446,0.03102339293470606,0.03046552446972076,0.028545835435039045,0.0383809936863267,0.028771052015165482,0.030653047389880866,0.03499086745763604,0.03508008596643448,0.028522544521952454,0.029698875085209946,0.03489013944955368,0.03775176644264589,0.02744026742729582,0.033864440192246915,0.03126084696414842,0.03217142369352512,0.03456702093023021,0.03430179131166364,0.03429156421099908,0.02865895885838777,0.035703097146978356,0.045269245841565456,0.0350763447877516,0.035229396850728525,0.035540285127968654,0.02689843337159216,0.028121738389709407,0.03270296506327152,0.028363601879346684,0.029721509311116914,0.030193018899936738,0.027459337317512697,0.02696007574941814,0.034895657671843314,0.03655705325176651,0.040960155366729124,0.030814269357766693,0.025189405306069144,0.03342824792370527,0.026361638332177383,0.028298906373399962,0.0429154676692264,0.027495627497489638,0.032692008245146405,0.03482270157394854,0.0392635031861264,0.03295693802450134,0.02934188198856568,0.030134075732676034,0.02763241948848683,0.040924439588514445,0.03557296888468738,0.03375252180779263,0.02906576108214838,0.03010135564312578,0.031476615730162194,0.031078703049010333,0.03298258124739662,0.025433872833732482,0.029182978282029728,0.03296532683675484,0.03580319236715449,0.02714496152699656,0.03179265431252564,0.03245781493017673,0.028843213239900287,0.03528186914326303,0.03012106846273738,0.030456605354291386,0.03144332087947627,0.035965011168705485,0.029790332884726704,0.03224056723289496,0.03799354971005372,0.03338869633991644,0.03036452032823899,0.031008352542174034,0.0403831368823883,0.044583248391348716,0.028615104198036596,0.028980562068726835,0.03626294254830842,0.03465650723806671,0.032560096020060256,0.031344886897020884
3,0.030242238541375813,0.03091406764363278,0.028436572525287144,0.0269262078368594,0.03330676780848961,0.031332420194379366,0.02308458695633331,0.025483532172724126,0.02551419536885163,0.029414283325692046,0.03533105779620757,0.031164407314939323,0.03097065354342947,0.02649149914726713,0.02615700952167391,0.03358510494784869,0.033084193934787336,0.02893570786095882,0.03333785159438891,0.03038439294686379,0.030196948331879657,0.03418814330005359,0.029490007324632195,0.03168844813077191,0.03187366854010621,0.02903703616714784,0.02670273196496837,0.033574097507759006,0.03418507003170689,0.027031824962356506,0.03293947954758243,0.03786618796905595,0.030869194784348467,0.025957517366758096,0.031790970260394,0.04062849934948028,0.03204837654922229,0.028443528826610966,0.03261926698197482,0.0309052166242385,0.03420593469703388,0.03656151773555679,0.03626020424448538,0.030294880765905648,0.03135899039718411,0.04989602854539998,0.049511292263353594,0.03812362753626256,0.038633996653568196,0.029507436338835628,0.023140815698663986,0.028169885730111033,0.028546723482643623,0.02582831521900352,0.027532686111701895,0.025449479057557744,0.022660576308684868,0.028782561926789203,0.03934920045178399,0.046267317086517566,0.03917819108626186,0.023841329486783976,0.025714553416417117,0.027140602608204355,0.022809301522539623,0.03720647030041344,0.03670243263048907,0.027515745645029867,0.03503538527178157,0.04217081847812363,0.040095835605872064,0.029768478517649365,0.02711734120865386,0.025558336141408153,0.034620931372782,0.04518742572706109,0.03706163837922651,0.030225060008883496,0.026825350758378684,0.029081395876442956,0.030068271353551855,0.03149391674245086,0.025824412554791256,0.022672451217235937,0.029499680627910616,0.03633328790178588,0.030006336128446096,0.026408007739566298,0.03172819068969658,0.02880452070649512,0.03119417556902889,0.0327936055642896,0.028158010135190977,0.02940426266037502,0.034757712522182134,0.033084950819339196,0.029469999275839414,0.03768017152783143,0.03925537096071215,0.031223501899604666,0.028907071871883266,0.03847036706343705,0.055852366398091,0.03975042440386464,0.025414314172606395,0.03221880506634596,0.03882010913070574,0.03479815106591843,0.031404797111225714,0.03516079033341349
4,0.02932543540071141,0.027810260400157286,0.026123391500024785,0.02981852817515233,0.028743280704723644,0.025898346614999467,0.021787069027797056,0.02087481501799414,0.027949573324507107,0.028788579815098223,0.03462777982908874,0.030371307473916413,0.0258484877167767,0.02548816711303719,0.027768841753686054,0.031956704256864685,0.031061898394730985,0.03158240857530011,0.028384262669685276,0.03328057617308219,0.028774370655919368,0.032583948867348875,0.030177394460964225,0.03022336784029178,0.02985906532479725,0.025413237278609845,0.03134686024357038,0.029754939898937804,0.03229861214480262,0.028940035093924687,0.03557060962942351,0.03341734978116651,0.028161158305011865,0.027679329057990875,0.03690111451622554,0.03459393118457001,0.033378269406095125,0.027244808695756084,0.032293461406998084,0.03281671794690544,0.03616606179406622,0.038739596515607655,0.03209951377631848,0.03320496780931141,0.04362848074555983,0.05483739367319331,0.054629869393877636,0.04193372564001866,0.032179225936715086,0.025453595145979575,0.023062244354598208,0.024475057830920337,0.025999971151148212,0.023830584997533082,0.02314361996767891,0.020958651922474175,0.024085991822470978,0.03225163066569689,0.0499458605857203,0.04450073049859643,0.03057645630263462,0.024304755041547735,0.020712509470138536,0.023502103947372142,0.02982044662266512,0.03163126479532392,0.037080330731100564,0.02933113686367309,0.04243773311197994,0.043195498039282465,0.03648605661434986,0.02752369293126256,0.02292836682063365,0.03195414014086386,0.037977696296589564,0.047552498718273994,0.033302392400607596,0.02792863914793908,0.025829158126182455,0.027711691848247184,0.030438236780891442,0.02462092666443719,0.023029814174098828,0.022765819594263874,0.032397458700219685,0.03046735022728861,0.0292778070318689,0.02620869591693892,0.02813579809308716,0.031151083082234413,0.028871857505203095,0.0307410835275357,0.027120791344795028,0.03243544071419862,0.031934335566981324,0.032840706960309815,0.03434382587224163,0.03891889679235475,0.036933895794175234,0.02975118808673429,0.03578582539565639,0.05310103465519634,0.05039234122799206,0.03571347151054489,0.02815067949277033,0.03434666943165633,0.03914762866971683,0.03364126812363329,0.03523017097750538,0.03055810746927353
5,0.02633795320488315,0.02553156113058301,0.02890562024766654,0.02564044567673606,0.023694912246017642,0.024513277732874764,0.017779423955842817,0.02275900814387007,0.027313809720836777,0.028025455507895196,0.03386761217240199,0.02533260441996182,0.024853093362168906,0.027040214517171094,0.026264376081266312,0.029968382173114556,0.03397747831493701,0.026840914063486248,0.0310257885471187,0.03181388936289693,0.027271339018780833,0.033450090779368336,0.02873733696890579,0.02826489188895066,0.026154821944600077,0.029793627732586,0.027717188966166394,0.027984589634643793,0.03476681336873978,0.031122989379752882,0.03131676218474813,0.030566141610393907,0.030097232744763038,0.03199270014580251,0.0312985740404876,0.03612445927865206,0.03213480312094345,0.026823668307040315,0.03434001625282011,0.03464739815373998,0.03830486596382187,0.03438286153483151,0.03524854482983872,0.04628491954714108,0.04763492324002111,0.06084755220813952,0.06113878667132431,0.03504794550694013,0.02783495068679079,0.025427358111401503,0.01993258694815901,0.022198510766338483,0.023993194955432114,0.019955711916968568,0.019014691900132018,0.022238285961758086,0.026859119446913084,0.04063670038838158,0.04822482220567532,0.034923876458569696,0.03138736057615709,0.01954866701106332,0.01781803779548325,0.030748000059481986,0.025158995991519186,0.031789596218680424,0.03991936412732721,0.035319490292215344,0.04348101493819842,0.03943400600304405,0.033969911200967484,0.023281672012306475,0.028588870494718092,0.03495577661067867,0.039665902936404394,0.04319978944040818,0.030870127099184855,0.026922002022815916,0.024530458832313463,0.02798466610492498,0.023769726114078054,0.021929473489542512,0.02313311983109067,0.024829849533134343,0.027056447615120792,0.02974176779561974,0.029142739764847023,0.023109517118074942,0.030406955281788578,0.02883069153529143,0.02695550431908035,0.029687620277732113,0.029846357482933242,0.02972917419623887,0.03166091311152427,0.03840536870458566,0.03535031684071753,0.03660449874700144,0.03540097913749753,0.03686285206786514,0.0492580058141097,0.04777076196387421,0.04578199327388944,0.039981261645614864,0.02988425134507558,0.03447598652237504,0.03801745360266722,0.037826407318184756,0.030620615628438538,0.028257351403816418
6,0.024143329854100625,0.02823359943793704,0.024832088733165596,0.021069749100990024,0.022377075320847473,0.020060061954503883,0.01932312756763115,0.022123178026506762,0.026549465902554623,0.027224043757141964,0.028351095219143467,0.02434418404238515,0.026349297741588062,0.02555607021564453,0.024486243198398566,0.032744366414320755,0.028948003320433457,0.02929229004795111,0.02958945862583932,0.030246741919242905,0.02784336359879467,0.031961708900685,0.026834031831304585,0.024717797231880414,0.03068638548593191,0.026301623456967106,0.026013437638848846,0.029989423303298336,0.03761497833585946,0.02727523799892613,0.02858266243552891,0.03274859762017397,0.03487411384447178,0.02699778466940619,0.03257212369004039,0.0348777681996494,0.0317979179052973,0.028363257063088433,0.03631287264184297,0.03663866612255241,0.033981651214385816,0.037845176099119304,0.04923756889559719,0.050676057770930504,0.05245595985446084,0.06854811542257408,0.052144682531719895,0.03040651662060041,0.027874381467253562,0.022030077200975013,0.01799476063498639,0.020405505045782733,0.020095224052141713,0.016342189597082057,0.020135656299844033,0.02475181605610324,0.03365466195051663,0.03885570643484567,0.03799460410740487,0.03601156646112007,0.02542990679600091,0.01679686696287918,0.023176582543103133,0.025966384594596797,0.02511705583930235,0.034036538529919565,0.048599586288966774,0.03592075132130627,0.03970650859501839,0.03682723517290833,0.028926120095643257,0.029039905659289787,0.031166047364514494,0.036395324296602104,0.03573915406583979,0.040458891830667504,0.029847781668955953,0.02559706352854725,0.024691311699342765,0.021798530829392246,0.021152863588980046,0.022003062201930733,0.025239929399407616,0.020575508676387213,0.026319501051947976,0.02961871652743736,0.025774265234510065,0.02484643881026354,0.02812039242120289,0.026915928495941478,0.025930491511828444,0.03275757292481055,0.02728310676811872,0.02940764355970896,0.03698055603443257,0.03969785926625131,0.033125134078984826,0.035073263921256065,0.044120060902426046,0.0507972366769835,0.04413438224514741,0.04328078421580404,0.051793796877593085,0.04296642415076347,0.02985878613104297,0.0333186948128017,0.04294147613835055,0.03296585938242541,0.02831697741637239,0.028207045353691312
7,0.026660467041619083,0.02423800842692088,0.020388570100964943,0.019844548442505605,0.01827191991467146,0.02185252553849023,0.018717481675795712,0.021389942604919398,0.02575114920133107,0.022634010120625273,0.027329538166932812,0.025796287046605946,0.024885404316038504,0.023808573351868773,0.02660405629309245,0.02786185611583022,0.03166036225853559,0.027886315814304705,0.028067406647307842,0.030975928781655226,0.02645101765839163,0.029944266074262506,0.02343200328382458,0.02895765476278751,0.027114699786935634,0.02464900629166765,0.02782064397350814,0.032286420859644144,0.033186996718386035,0.024790551549541403,0.030560963890461274,0.03805030809941612,0.029517200753329986,0.027972151302270876,0.03133255203760799,0.034610219894565,0.03379575375816235,0.029808254528128953,0.038466220244850864,0.03244728924138039,0.03738803556276407,0.053007396611198625,0.054076251623109604,0.055983652112136024,0.05857117163229105,0.05892909396593028,0.04605511369945825,0.030530344415043653,0.02421095070980545,0.019930999194006184,0.01647048809739241,0.017027803735324667,0.016458783309859632,0.017258585564056284,0.02236343631078224,0.030947180982430853,0.0319471696137694,0.0303146046754796,0.03930298689296395,0.029316375035787472,0.021982083864224053,0.021825619815693,0.019420688253080753,0.025944586425060426,0.026708309689516655,0.041185213955619984,0.05011684884679544,0.03254529495702575,0.03709224676296369,0.0314522264366577,0.03629011162629339,0.031672443391464834,0.03232259407980798,0.03268104497494768,0.0332126366715485,0.0395099087818946,0.028464447938335278,0.0257931144900029,0.01916823965058261,0.019359589901751195,0.02120700227847767,0.023979214629102574,0.0209241216251011,0.019882641362006778,0.02611848685329842,0.026208074822862512,0.027787270026642486,0.022847001220055556,0.026233618091296224,0.025891365452805265,0.02850155839673671,0.03003442559173527,0.02692015881347283,0.034268952781630946,0.03816853759488014,0.03736743071852251,0.03162522642429628,0.04369679146718409,0.06125930835201288,0.04558731289598323,0.039834071627305866,0.048836125440856575,0.05635433015198157,0.04351663996789681,0.028719141999935954,0.0374512041696206,0.0376236814803397,0.03055972217023179,0.02826829940609105,0.023353427753696775
8,0.02285051072526555,0.019888676462005265,0.019189632591140527,0.016162127023536744,0.019868350487226426,0.02122233658482323,0.018034310942356867,0.020637383928434172,0.021377087807422587,0.021690826665552627,0.029048592746678467,0.024349288822724763,0.023167821101945076,0.02584981662552559,0.02249432891789008,0.030438399502082995,0.030214442137416947,0.02640552539803333,0.028679595925738238,0.02952207041436492,0.02464114218179942,0.026231763686864435,0.02741516155248068,0.025541627874004956,0.025432226227088534,0.026324540963294264,0.029884710595532826,0.028328853034422445,0.03034820997620915,0.026403321203441153,0.035428390213516445,0.032311843465738434,0.030661877697178933,0.026780304714379623,0.030978405153142777,0.03689190968622999,0.03571721475309455,0.03136418073349974,0.034130517558418255,0.03564324700892467,0.05234223246873883,0.05844829261496301,0.05995470306127386,0.06274371268694835,0.049818555724991456,0.05242243915839694,0.0470012437069327,0.026590498450674217,0.02195302470674355,0.018278751972568907,0.013689161115883905,0.01390292434767551,0.017383777834334514,0.019111934291360107,0.027892684094965866,0.029294976432140355,0.024746799326279552,0.03111015488307211,0.03210548205264712,0.025443094289053093,0.028714650342263233,0.01826339470856999,0.019274854220985887,0.02761170274332977,0.03207451559373267,0.042142588640670685,0.046086019041209396,0.030177484705227405,0.031687277630940924,0.039562217898705815,0.03987766563211494,0.032864961418045485,0.02890180377460238,0.030274698815120335,0.03219052025562638,0.03805779751223027,0.02876710791235255,0.020046231049215227,0.016977941651860666,0.019373643339703803,0.023092863089498063,0.019853304408650265,0.020226717357394758,0.019601207710264704,0.023027833825934894,0.028267547889100023,0.025628464124321636,0.02119902060143279,0.025217348863329363,0.028457416323510103,0.02601773971246599,0.02971893903270267,0.03129008575562712,0.035270515011448254,0.03587076069825338,0.035832644579854495,0.0392606884128655,0.060644753912637565,0.05558906658303974,0.041208059594880705,0.044785658965846825,0.052971001840584814,0.057885744931129315,0.0424533693708719,0.03212829875357724,0.03262614610087856,0.03504637444185232,0.03057777063413206,0.023405616199417494,0.02073319362913847
9,0.01872353330070098,0.018709587709602498,0.01561830042054997,0.017536535144697423,0.01925631963205018,0.02050007620478878,0.017340356478850422,0.01704248973624109,0.020459969438931587,0.022922322523545115,0.02751101066540085,0.022656255006599256,0.025137629668375433,0.0218396796731991,0.0244395772419192,0.029011675800328502,0.028678711881310017,0.026935417819823924,0.02726889628498325,0.027589084949875123,0.021468747894468707,0.03077908551447104,0.02414274621907118,0.02391809138248316,0.027182830557162464,0.028234158072213807,0.02615661731834002,0.025776105208865915,0.03250779859186717,0.030477849044840747,0.03000356204269693,0.03366183366194322,0.029436880828096423,0.026353752432641573,0.03289690761759723,0.039114738894631546,0.03781185986498193,0.027624941747968965,0.037557610027300396,0.04980928969637809,0.057674339755091564,0.06510292176235252,0.06747811842392636,0.053605150682734054,0.043892913806191515,0.053858868384954815,0.04164338343242814,0.024169594935204104,0.020174781014625602,0.015220047123438754,0.011139139560461378,0.014646217807799705,0.019253025419100768,0.023758247373845687,0.0263205869022662,0.022630356872313805,0.025251241350664737,0.025198107364565493,0.027943997054750487,0.0333537090190842,0.024198473750737755,0.01810488348816386,0.020373883104794717,0.033190219014342666,0.03251117268342922,0.03843048138308086,0.04333965055178506,0.02559630568017096,0.039867552527212,0.043621360539396234,0.041732755514985176,0.029403243653658425,0.026669528998966748,0.029254104103021445,0.03077291782834028,0.03884604812012986,0.022426063476757418,0.017771513693735544,0.016949105505735664,0.02105703160563063,0.019102111785452056,0.01917061646509858,0.019947416071359483,0.017166875536368854,0.02475655671156026,0.02608431112532503,0.023847735305778175,0.02027297212167028,0.027697428158698353,0.02597625828063661,0.025638273222954883,0.034642829912467386,0.03210554766241935,0.03304763004709181,0.0343440536222271,0.04467804501739554,0.054236502759513035,0.05499537835317228,0.05078118105503892,0.046396839163656396,0.0483716013457191,0.05421609535510881,0.05733269485515397,0.04817407443682053,0.02783509509746623,0.030234180619961772,0.03523012114976345,0.025378124278148305,0.02078063867848331,0.02177911322225693
10,0.01759260680105928,0.015220147065426988,0.01693710727438859,0.016955995162561216,0.018563677193756508,0.019760856153550378,0.014271732418468892,0.016239405057745113,0.021594413315270827,0.02157289178625814,0.02568134922026058,0.024569699346095205,0.02122246739074661,0.023712428004706923,0.023150785603138706,0.027502969111249803,0.029322677323674086,0.025564600016229802,0.025424411149750747,0.02411004147946575,0.025067785448132172,0.02719920676270954,0.022575720379805653,0.025524810060740095,0.029180426973717522,0.02466999921016982,0.02374652545223371,0.027480765506403222,0.037761126281584116,0.025679259490753028,0.031182737903115532,0.0324173141250715,0.029047313356527146,0.027852930102757807,0.034734946386615596,0.04155506015874223,0.033527110698252295,0.030195416701137606,0.052588905899067076,0.054737067359597165,0.06418809299031777,0.07367585371419505,0.057942688983040676,0.04741807952074195,0.044693321713756486,0.04806514921560228,0.038446538343608956,0.022262259167943905,0.016831308964942178,0.012404109709210687,0.01170187509153878,0.016176030746769352,0.023937080667456197,0.02232423031109895,0.02027053784302012,0.02304166286254452,0.020329658995253724,0.021776535118408522,0.036726424658084234,0.028242809250655455,0.02413435497459921,0.019114405712912036,0.024309172268404095,0.033680892396126635,0.029352308326967634,0.03585259563678777,0.03726611357522353,0.032002854370463116,0.0439720021820987,0.04582929817499414,0.03768249191641719,0.027146259369750257,0.025675015403453044,0.0278812184948458,0.031174202050156488,0.030600891673330147,0.01992969553942621,0.01775566215346301,0.018376387958382298,0.01738187605486253,0.018431132973351853,0.018885544485022752,0.017476258674693722,0.018345548450733815,0.022762246858460008,0.024283272832587383,0.02286786274885909,0.02215440853993026,0.025262773765329267,0.025596312724687643,0.029760903426220873,0.03566912600359236,0.029983758161887045,0.03154870011457537,0.04275597886376177,0.06207028146311528,0.04885083641281394,0.05020728426465692,0.057752000285542046,0.050196462185949135,0.04926930227204968,0.053489753120842684,0.06608532018956854,0.04244032254884541,0.025667262211792347,0.03024187917773899,0.029380358149913993,0.022577529223577322,0.02183000547889349,0.020526254571343088
11,0.014295217565645212,0.016498654947952444,0.016366421994279713,0.01630784196158271,0.017858974274251625,0.016304049666304523,0.013560987110475854,0.01706629842509309,0.02029557424575204,0.02001594204517666,0.02793676243319956,0.020730904809638843,0.023027761753072435,0.022445258632244284,0.021815192717199287,0.02808653632153723,0.027898816574657054,0.023793711284395492,0.022168984485450204,0.02822805054409293,0.022022406874200293,0.025513710112796437,0.024059179722750408,0.027353948672446796,0.025521671076535874,0.02236274768805336,0.02526432972488255,0.031756705241959234,0.03205663242413151,0.026570027719929924,0.02995302008458867,0.0320868291664676,0.030784873335838365,0.029256557373074348,0.03673457849881778,0.03699003018640024,0.03687057340198535,0.04195924859336053,0.057961230665113585,0.0607297840701525,0.07256954900981444,0.06368788849061857,0.05149097898766004,0.04846144883108076,0.03950288480115944,0.044674686138370515,0.03593833976058673,0.018612490656837094,0.013739740509223011,0.013047440487859465,0.012885648512867401,0.020048589018400693,0.022496395611967382,0.017122506224449777,0.02058923559289802,0.01850878133089972,0.01748184942029473,0.02844016708062733,0.03120759856502904,0.02828520562620702,0.025637512945467223,0.022777138520044784,0.024444007407883137,0.030445186868589734,0.027127269043339064,0.030588887145211952,0.04715829869216759,0.035010826219785046,0.046214631775312064,0.041559120017862404,0.03508931139200093,0.02614677667510676,0.02438020579291233,0.028160773827204787,0.024362946086586942,0.027423868364105247,0.019955765746540143,0.019266670933036415,0.015127668307791798,0.016741961352657115,0.018143376309785724,0.016528028927845603,0.018682059679455906,0.016757531691296464,0.0211185487406234,0.023295898639008196,0.0250564848735608,0.020092445612266946,0.02487504238140878,0.029710913018791703,0.03048839012194803,0.033434926347952885,0.02853339229087854,0.039162581751791055,0.059280726253409494,0.056373674329636386,0.044309594769264694,0.05706482678225838,0.06323451198236,0.0512262578355249,0.04835631511213458,0.06140537813484944,0.059336319126822044,0.039731919566206454,0.025553461120629718,0.02509065913324601,0.026245877764021645,0.023761235647007106,0.020575292072154035,0.017766746597205434
12,0.015481488676290749,0.01593564029576043,0.015731370679164164,0.015652804184974296,0.014706337979262313,0.015524099811374563,0.014212803885322036,0.015965919695438705,0.01880625856226545,0.02164791702243021,0.023653545998549904,0.022483098267744184,0.021781900775222452,0.021135097381565132,0.022148537170684785,0.026688712911945182,0.026028578800049995,0.02071242678879109,0.02590393876000093,0.024879397885740864,0.020548363565555117,0.027272204684889875,0.025744569452383893,0.02387927301033774,0.023154986545285614,0.02375842955142727,0.0291290137932507,0.026792104546266137,0.03338715762115223,0.025401284894896507,0.02957235112349849,0.03411300978214512,0.03243407838113361,0.030766184629785406,0.03253546587963192,0.04082511061204458,0.051590067340978325,0.04573257474570457,0.0645270280196225,0.06840686480203437,0.06265672816568535,0.0569437468858192,0.05284993088569187,0.0430030242696548,0.036389087432648404,0.04203242214180455,0.030472699782891053,0.015221334004137603,0.01447191479451082,0.014386917196843551,0.01591725078218219,0.018767168117533886,0.01725758528326636,0.017336006514717898,0.01649739992255111,0.015886515275445507,0.022731515229702803,0.023960391644439256,0.031350093268250084,0.03017522640142054,0.03075473016368502,0.022867568763207162,0.02188647343809033,0.02816901661059428,0.022936995558571285,0.03844200121947536,0.052411330637618055,0.0364547209329061,0.04192548112313049,0.03885569090788064,0.03407559111014564,0.02484020367700514,0.024536295897479413,0.021939683339189022,0.021693955386037016,0.02767133335444743,0.021702614058621367,0.015874961880113708,0.014537390742304309,0.016452265402044627,0.015866505923833412,0.017651367863041674,0.017070763462190244,0.015452496646323317,0.02019435671715438,0.02553667634367687,0.02279206768981484,0.019679681763134973,0.02885233773699058,0.030435609370006993,0.02842598576162124,0.03193122336377736,0.035309632067501866,0.054095454002503915,0.05368047605843456,0.05154074525746678,0.05005081118984358,0.06243656765041192,0.06542995543161256,0.05038070509946661,0.05521281615981175,0.05485941665670458,0.05654744928718018,0.04013511928101331,0.021098831578556194,0.022315207590497325,0.027725967137408797,0.022439828893019747,0.017810083402557856,0.019291214618158074
13,0.01493773637135879,0.01531060119126989,0.015090640233987651,0.01286073156888239,0.013980112715724444,0.016302719512598738,0.01325791914254629,0.01472922699957811,0.02031452777270923,0.018211084035667614,0.025729545945901718,0.021254858543912288,0.02049655244467278,0.021443148173223278,0.02091843252221994,0.024868638896279566,0.02270987099741413,0.024165991708230625,0.022776525331186688,0.023282134461213546,0.021853274636166025,0.02927906348714699,0.022437201775310625,0.021628439121867734,0.02462006193476831,0.02735049838928412,0.024508691163190356,0.027753178514414265,0.0321436493843334,0.024961329447382788,0.03135828001134323,0.03606433998904163,0.03421968246698266,0.027081524121668855,0.03574336567083597,0.057358856157074554,0.05680047652364716,0.05026068687613633,0.07297916575082117,0.05879875583173012,0.055960155236726684,0.0587845451783867,0.047114503795114955,0.03975821481622505,0.03394248523388463,0.035866689290836105,0.02522548560718064,0.01605658137134325,0.015980696794249155,0.017798790690174444,0.01483733485461002,0.014342087644291901,0.01747517552831343,0.013844719801976295,0.01413114043548031,0.02062361853033597,0.019039066871225356,0.023891074510411385,0.03355073261438795,0.0363675470362338,0.031130981041509232,0.02044194050111308,0.020072985250824966,0.02384335704374391,0.02859988557112799,0.04233682350914077,0.055574964494381617,0.03273640068927313,0.039213209280575215,0.03788102617765478,0.032638543997251405,0.025011031375889562,0.019044870027371732,0.019487761913031337,0.021761510997954064,0.030332375472457103,0.01792660706587752,0.015267109197407197,0.014253882513038149,0.014362878551535773,0.016933491998695316,0.016112047288593848,0.01574634887787941,0.01469122202863526,0.022066727480250195,0.023240303630031035,0.022385515049213243,0.022705321300087705,0.029529966763590657,0.028375224530727813,0.027007590592219115,0.039653086535820364,0.048578552599286354,0.04871653125051205,0.048938763151920375,0.0586627767776448,0.054357959731443,0.06454932105882674,0.0653279505853479,0.057646882828079817,0.04900368349836675,0.05203331708686109,0.0581393799318917,0.03364195102692582,0.01868842200153543,0.023478860549713945,0.026290844784688797,0.019461082891352642,0.019339121840331274,0.015956204767262033
14,0.014337295864579084,0.01468073014169875,0.01239177182775645,0.01220278792678328,0.014658298664485299,0.015239732462391409,0.012197414633197345,0.015844678778307246,0.017066119353116867,0.019699605004868472,0.024405005406004626,0.019989838729936916,0.020781738942211768,0.020237621991641253,0.01937699708721277,0.0216720162454981,0.026550638439043206,0.02121055479747488,0.021268395347254398,0.024829957084898553,0.023331401924766997,0.025610536397460946,0.02029231707356367,0.02296104416732875,0.028367441911434827,0.022970199402922817,0.025328428946530746,0.026564674363446977,0.03180696462015098,0.026343623313578503,0.03305775794273467,0.03819310050839588,0.03022912474846038,0.02958490504010481,0.0499543970176115,0.06353836009182726,0.06315696530995261,0.05599025673532977,0.06303824041274696,0.05229924218540764,0.05770896707581925,0.05273550476784148,0.04374740562780927,0.037215209505511576,0.028720921695100213,0.029856774568626433,0.026882791888106324,0.017759129001301693,0.019802561692755072,0.01662300759033557,0.011293630433336956,0.014479959624754122,0.013957837166743356,0.01182704063023874,0.01831215700694597,0.01723640126223658,0.01888874750485999,0.02537274524696949,0.0405769773415274,0.03702687322462527,0.028066177217330155,0.01872049981696698,0.016850186894520395,0.029757623693096355,0.031178404158065543,0.04442008436614311,0.05091677831079729,0.03032771455559545,0.038243802089344435,0.03642700409459236,0.03312792578928349,0.019422808343794312,0.016866545925698657,0.01950445913956738,0.023710112618824143,0.025277862650584234,0.017276213568081726,0.01498046405011087,0.012415933250726069,0.015305365465337516,0.0154454869718989,0.014847529397926008,0.014975070906209878,0.015963696968390475,0.020011129944008155,0.022836230286881896,0.02589864267996604,0.023092404952368563,0.027505197163506127,0.026957957902718238,0.03336907129842584,0.05480096135409756,0.04349451430386982,0.04418153442377442,0.055548853604268325,0.06429389664706439,0.05571725352852408,0.06438801889988477,0.07594530369801702,0.051296174420860076,0.04619305177344263,0.05324340976434479,0.04966500394291951,0.03018534299568388,0.01959028013655481,0.022166740515099852,0.02289108128717763,0.021167442963834417,0.01599661304918592,0.015433377926700468
15,0.013733892844828649,0.012050156512985966,0.011752236599039399,0.012771733119458601,0.013679669743677791,0.014048923575434375,0.013087504729862398,0.013250568411590516,0.01843955376980513,0.01857054337881603,0.023026613398593253,0.020257489574356594,0.019600149021010278,0.018733326964428698,0.016791707619517284,0.02531037939055239,0.023360657264205727,0.019774430778578257,0.022635681130589558,0.026590337776827486,0.020283803688921312,0.023237730293813194,0.021513218893441446,0.026410984340428652,0.023849208307609723,0.023701098678990222,0.024183452787879492,0.02613576968590436,0.033805693589949753,0.027628293562256587,0.03490019168619653,0.03387856328179648,0.03313064589766856,0.04108501994400718,0.054904909524117335,0.07115720081830387,0.07132518827525856,0.047493119490640286,0.056323805476633376,0.05372531453435911,0.05171151221074178,0.04925726505468649,0.0411200727871821,0.031597224176081004,0.023732472176143462,0.03197025013695289,0.03006408697484746,0.02204615899052226,0.018532211928860315,0.012675792196610625,0.011367041240335185,0.011530332376261587,0.01192504356532284,0.015290601252458215,0.015268536469206489,0.017068947633143296,0.019957915026783422,0.030428858761140307,0.041493875927123426,0.03358601119094802,0.025904308767697698,0.01569318714658153,0.020880233726300886,0.032479230596691944,0.032335823049345944,0.04022180931093487,0.04807399819324473,0.029306932944809804,0.0367897271548655,0.03711855502428399,0.025942112795017246,0.017207885995499356,0.01683598986495988,0.021202042483102708,0.019625091923555917,0.024544488981722457,0.016986501275682207,0.01305845238423968,0.0132045786032684,0.01393734715198507,0.014223648113993627,0.014107393303533432,0.01627681811697468,0.01438683840059926,0.019598410316383024,0.026432278202552967,0.02642651729081469,0.021367303884262008,0.026108010519835224,0.03330604826986551,0.045816586520437526,0.04938872231714249,0.03923028201236314,0.04989947325079701,0.06068033187249395,0.06660143397867421,0.05505818735196219,0.07477740331235555,0.06891694712906667,0.0484709013369853,0.0469779027699515,0.04524746746682366,0.045313416735001874,0.03201712393696868,0.018422117166665832,0.01921887864300686,0.02498558453191496,0.017541640006858848,0.015473094831341723,0.0145221430855748
16,0.011262153550242468,0.011424300258090747,0.012294563832883933,0.011896279556313932,0.012590812085011605,0.015102426596469229,0.010914224925959412,0.01426157290556539,0.017360393908322412,0.017417517657739138,0.023407465093486974,0.019095485230239767,0.01813144144871222,0.016223261800822567,0.01951341114075984,0.022241074630408628,0.021826896386573834,0.02101359386457008,0.024186071132165633,0.02319445679217088,0.01830445171257959,0.02471013621360777,0.02470900580177456,0.022159751657626424,0.02463023809227047,0.022591963487378186,0.02373493230859401,0.027616358845590345,0.03572808304118733,0.029005257282806965,0.030852011214380894,0.0372706321652068,0.0461777762377615,0.04473890322546753,0.06092682107523348,0.08105226553688478,0.06149982611918856,0.04174191226594041,0.0581063752258444,0.04793919503019321,0.048248658428444405,0.04656734666668556,0.03505479023274744,0.02618674940353718,0.025253009210359036,0.03594149176319438,0.03779498048675713,0.02067921717058518,0.01415913759186045,0.012776045067858946,0.009023027452130471,0.00982688149607104,0.015418831283574902,0.012710065831618335,0.015089985018633017,0.01800171089227508,0.023802746762398228,0.03079076221509568,0.03781330771864122,0.031176024735827205,0.02187544380022407,0.019423655786791314,0.022583293407474666,0.03373023277002571,0.028914021341030934,0.03755297314278063,0.0473219630219257,0.02793309059361521,0.03750228141496007,0.0291875995758468,0.02313757631249024,0.01718267795143133,0.018251645448988444,0.017504170888899082,0.018945847326313513,0.024312712461655887,0.014837330180605632,0.013896948922422308,0.0119987321717112,0.012815180018688912,0.01350605843626371,0.015320222150891103,0.014673695680424804,0.014009709944224017,0.022609676859842665,0.026985821466649167,0.024536082970379583,0.020154695219063806,0.03222780086063777,0.04572707534501751,0.0409028640593133,0.0448228285795827,0.0440791015325585,0.054184963565718315,0.06261636400853196,0.06658107157248842,0.06331082171920893,0.06777148053121272,0.06635358381323872,0.04941245730723293,0.039660426747123126,0.041091928532530464,0.048824852387840706,0.030494477395670797,0.015911303589747385,0.02089884025903752,0.02078684805741502,0.0169942434740209,0.014560102847839528,0.015447273412077505
17,0.010668714782993062,0.011947534659712654,0.011446289277999476,0.010929609818154967,0.01351499168624351,0.012620324243644161,0.011719224150793048,0.013370020974160622,0.016262457047716755,0.01760452363865798,0.022135940369078375,0.017655504418109525,0.015692397741133544,0.01884193496638209,0.017045697605351254,0.02075702569055231,0.023243350174046752,0.022415678822564348,0.021045256047151274,0.020993444513658373,0.01936646166867203,0.02847385512690852,0.02069555013258293,0.022845908292656973,0.0234999886356271,0.022136857647003412,0.02501784150571982,0.029001011658685336,0.03782379480419253,0.025485185598026525,0.03383505759208528,0.05217150872185601,0.05055306725004164,0.04911748068208805,0.06864321303907459,0.07062671896087246,0.05485918664099093,0.042407689621697914,0.0520895878049247,0.04455172216922453,0.04556547845312988,0.03992538665749029,0.02915636433026057,0.027934757978722528,0.028194218038875382,0.04545921282024349,0.036031803994102704,0.015834148774673748,0.014292599156395833,0.010155956303286313,0.007670541841428407,0.012679033352882806,0.012818326122621057,0.012528881542329713,0.01588262621860189,0.021426921439985383,0.023922357986374623,0.027749713964292582,0.0352541980304391,0.02647050899543235,0.027246642825218347,0.02097670923124827,0.023215681668682483,0.030204396356270494,0.026681145391608437,0.03656142593217445,0.045956516012611,0.02821467383406195,0.029501093607961545,0.026119230473688602,0.023243923511860044,0.01863405630777467,0.01502307166090923,0.016861849701482266,0.018659837019606662,0.0213960698600804,0.01581856356831492,0.012636744209175243,0.011011008008308138,0.012151286253604758,0.014658247953294809,0.01379789968175987,0.014293211098422298,0.016070675084842043,0.022992884670570053,0.025069776287189083,0.02321882664972584,0.024727855222408678,0.044197409597084285,0.04081912535097581,0.03679302975491739,0.05065775250629979,0.04757328404589538,0.055529771559335084,0.062331095594754186,0.07750598932359823,0.056676791221423134,0.06517054384997573,0.0689381143527097,0.04182260592996129,0.03580845661353207,0.04408130694670928,0.04732460040393851,0.026666246745894507,0.017243991176765915,0.017314293432741604,0.0202049231682357,0.01601624131975285,0.015488248504819627,0.012422968117029247
18,0.011148823638000181,0.01111929226344431,0.010511397734563669,0.011712149463078685,0.011275606956516034,0.013574570648757526,0.010958338852443378,0.012473792247445088,0.016417757027280027,0.016549882558804088,0.020530318533301384,0.015273083770100618,0.018215554807904016,0.01644787779511198,0.015824238034743376,0.022079900593386083,0.024850812173858004,0.01946944375909389,0.019006371344505682,0.02227247238256816,0.022194653028021084,0.023941292705018696,0.021304468629618864,0.021757736901652593,0.02304800500243056,0.02329525306572433,0.026202184702122905,0.030489432031406614,0.03353809922341587,0.027795394875618308,0.04719397269182837,0.05747587721921649,0.05584054919370175,0.054650948038814505,0.059016874260879267,0.06361926711143817,0.05650770010163504,0.03739322797752814,0.04862079509988188,0.04191133101203709,0.039025407156299104,0.03337589173989296,0.031197736225513972,0.03127434822575754,0.0353760821393224,0.04368646810493053,0.02802908760454409,0.01601060029565547,0.011378977306796751,0.00864353338584165,0.009875331436081639,0.010511361870057448,0.012636984237643721,0.013152792272740799,0.01886392987525395,0.021482308033645304,0.021407952031809157,0.025603883195535897,0.030059681496242344,0.033125581224374936,0.02966183703292981,0.021528718566146233,0.02056515580845862,0.02790895428046008,0.02568650158902646,0.03510990405177101,0.04729673428742508,0.021982893442219868,0.026408295949966642,0.026319616399409346,0.025363702880653437,0.015343811450756634,0.014435344183256687,0.016572099969745298,0.016326742714124237,0.022963931730398252,0.01441218461719207,0.011603989502743127,0.010421534119793114,0.013169814909511555,0.013192836258344675,0.01342818909373103,0.01640059395307938,0.016234439831327805,0.021273050487293572,0.02373685444966145,0.02857660565082572,0.03365115469608478,0.039390498724723104,0.03671449754332564,0.04123600258617433,0.05505230341942621,0.04841555656264647,0.054862034288516694,0.07222979797864439,0.0704521970244463,0.0538606391892278,0.06762330990368773,0.05957274049900326,0.03784584431771706,0.03820298032695192,0.04251478969040046,0.042114630776877895,0.02921906790872746,0.014233188553720038,0.016770109742548854,0.019104550463072682,0.017062421483685263,0.012456440253307778,0.011481702046067885
19,0.010367568230188149,0.010207731835189129,0.011259233483148641,0.009753664480936218,0.012111684821587162,0.012717102108756572,0.01019884246084287,0.012544603135901328,0.015415589056759904,0.01526225744555936,0.017812095218653148,0.0177212713471933,0.01589093908364558,0.015259972184774782,0.01674836504295509,0.023578815265446494,0.021638413944460262,0.01755496726299756,0.02012349229479939,0.025600905198153404,0.018541796520832862,0.024727671386536622,0.020257763339855787,0.02130125612137515,0.024276696016115172,0.024355021013823377,0.027467785771538657,0.026830251820766055,0.03688308350672494,0.0385288486460497,0.05172064681287777,0.06395374346869184,0.06257383762985948,0.046291388315559415,0.052505425468133755,0.06614407140515698,0.0505706183771055,0.034370236645725194,0.04593488191947826,0.035758845089011844,0.03259299421205438,0.03586858588681495,0.03504505288254071,0.03936558156374114,0.03364118040358995,0.034255649995846564,0.028697025602462154,0.012769007533198842,0.00969640375287652,0.011138918270515809,0.008163812806497046,0.010338496596914944,0.013267730225183393,0.015578469967836241,0.018863287659380414,0.0191764351618853,0.019624516754950246,0.021615075036128247,0.03775632267677287,0.03628115896208361,0.03071487990813067,0.019037913999945113,0.01881525473308617,0.026902480434563603,0.024391404773172115,0.035727612740278636,0.037588382435697704,0.019527004827592214,0.026618800519288548,0.028810610881894152,0.02102940625379008,0.014748338928553208,0.014152360032075229,0.014469257929234825,0.01743283216520637,0.021075294570853012,0.013258172576745383,0.010989360754727609,0.011275329830723603,0.011835326800116688,0.01283146393450853,0.01539452359401968,0.016573279664730788,0.014916938041571693,0.020063859531544607,0.029229672834953594,0.03904284323220268,0.029663942058417124,0.0353768440494042,0.041144633257609406,0.04437283646461956,0.05647042171791219,0.04747574991125164,0.06307217311965872,0.06528280234583465,0.06794375253615846,0.05521967699364872,0.05835415156085593,0.054925675366993054,0.040462106609441606,0.03662016663865249,0.037644276066945065,0.04689059154501752,0.02441491854772236,0.013742755129857249,0.015801405226441106,0.020416537197371076,0.013744446363559638,0.011513027521188417,0.009658461920527396
20,0.009510407350111038,0.010930608849952006,0.009372188724249438,0.010460790586415265,0.011329822824992208,0.011856793506600542,0.01023316603091208,0.011732658611283092,0.01419983765263696,0.01317068976455656,0.020720695470908927,0.015451955985392755,0.014734914585807803,0.016141897274324524,0.01778836399695673,0.020504098882213363,0.019553911430585415,0.018559322053970182,0.02308005493290586,0.021462207446221647,0.019045462099651442,0.023595306221160257,0.01980238608955887,0.02239678887466359,0.025406645853229277,0.025483064792217274,0.02409614491849818,0.029302835863904735,0.051608245968749675,0.041843860412647906,0.057200591568291756,0.07228649583249892,0.053450335461920274,0.04063444407981826,0.053948848770325936,0.05980535018982896,0.0471274596548461,0.03199234307881914,0.039357026165581864,0.029763669861436234,0.03499887073463588,0.0404871105769594,0.04428421067929284,0.03759049487405846,0.026104683138734108,0.03529809309144474,0.02318580228335893,0.010896215176751762,0.012509032340743999,0.009220170352600067,0.00801054936450886,0.010829314414265179,0.01571643295127822,0.015525948980335802,0.0167935873283989,0.017538900503301622,0.01646618432878067,0.026915179528453126,0.04155203875132015,0.037827247843299126,0.027418681023046888,0.017390849294096677,0.01796862881055763,0.025577994360619773,0.024547844173096148,0.02805333037830394,0.03393048701449418,0.019544520382752503,0.029147067051115066,0.023972065704348254,0.020330675013837167,0.014463812636780782,0.01232623282040611,0.015420389794650723,0.015909028830179864,0.019519719414692303,0.012576974480996877,0.011896501216311703,0.010113393374452911,0.011495325202798333,0.01470152692479585,0.015540719688652373,0.01523352785394817,0.01397825925010646,0.02461412632157539,0.03996195820661618,0.034609895976592024,0.026374311732285154,0.03959059011678173,0.044270301438799786,0.04500720438461973,0.05584699226207764,0.05415729007127248,0.05644876935230756,0.06261022611380751,0.07071065631954754,0.04702509982418037,0.053732518122461916,0.05978392199961447,0.038877010662406085,0.0322265486244524,0.04171858396628515,0.03990736869992958,0.023819678643875034,0.012909174298069608,0.01682987767156112,0.016502628983943068,0.01272007406102601,0.009685119723155224,0.008363631683124016
21,0.010176731029521314,0.009095618202653928,0.010047788410250936,0.009769175111130566,0.010548540319229983,0.011916657920471592,0.009548473745698328,0.010767086029787383,0.012240663513102101,0.015249317800573939,0.01812262430285532,0.014321477313790623,0.015578184788799453,0.017133664352066518,0.01537753812065751,0.01850741128211771,0.020714776587692833,0.021252151846146757,0.0192989503628922,0.022110996094050633,0.0180680394498522,0.023143745779283815,0.020788996131143364,0.02339416264200613,0.02661207552621628,0.022309520185086355,0.026243035362141984,0.04068147555916283,0.05682157923551271,0.045800297000071745,0.06419034472455941,0.06239330369976106,0.047273395275933945,0.04123490161926204,0.048150029454523,0.056280860454498344,0.04445425854883885,0.027016241418260225,0.032881298214210694,0.03186749651435469,0.03946980420867054,0.0514511526321914,0.04250496204993946,0.029288944313841856,0.026673952134619677,0.028714293343610187,0.019996202591499323,0.014073929331676418,0.010368643981737154,0.009056721260525607,0.00837115645414717,0.012796354399167886,0.015665645036730087,0.01377556743672077,0.015322307756467807,0.014684986816272092,0.020396423824549318,0.029291010501945457,0.04356099012234735,0.03401738706436024,0.025262376674324686,0.016584241708540826,0.016928562545814554,0.025773392642203102,0.019054062508897917,0.025074902723768378,0.03446725394903431,0.021246453741441594,0.024260421073069666,0.023245432614604624,0.020052064927785822,0.012601478759617283,0.01310798944298875,0.014043731179257921,0.014657420974209136,0.018635054217148724,0.013637061029996239,0.010677260099975173,0.009805770441820834,0.013152856073182536,0.014830704101962093,0.014269454870938215,0.014279516143386562,0.017042538617928843,0.033492476963730734,0.03545856823857617,0.030929428564199064,0.029242851349104506,0.04252927177614725,0.044898378254885164,0.04397605095080739,0.06427150925250598,0.048013220647419266,0.053630982907891374,0.06478918778443818,0.061221032319096466,0.04278596248458616,0.058411481146888704,0.058622349928626374,0.03429295583386907,0.03551454786478197,0.03531397779159862,0.03956268199525654,0.022605843157573552,0.013709112073990686,0.013553917024292986,0.015315522052222207,0.010713607051389807,0.008386941668249132,0.007685709875296604
22,0.008461852230069086,0.009748559666559777,0.009379562857351578,0.009081176934916356,0.01058777807967753,0.011138269209126191,0.00874333437692368,0.009249322827347202,0.014159166233199369,0.01326317291377107,0.016842443410840152,0.015134738043306464,0.016525853856418797,0.0148017040522788,0.013807806304674528,0.01958524370387756,0.02377255628618602,0.017737316255723667,0.01983848744332997,0.02104199826323915,0.01762250013638267,0.02437993612745064,0.02167911254902188,0.024453616964138232,0.023324954136063298,0.02425282580109725,0.03631904124858922,0.04428084048128891,0.06318184135507753,0.05078290370479351,0.05492586178369205,0.05570921638928542,0.04830624366110779,0.03631463966331748,0.04475757236718832,0.05360337320161697,0.03802941309860347,0.02228476610593401,0.03531898179733714,0.03582217106225254,0.05010523962298536,0.0497570898691131,0.03328807653427731,0.030025825059601864,0.021506463582363616,0.02490510762359013,0.02606760710153963,0.011684287002073124,0.010196655051630291,0.009474414474409871,0.00986717722887704,0.012717274659160905,0.013901484636272467,0.012530232989332613,0.012800193559751297,0.018157192261588687,0.02204912545599578,0.030319305573334447,0.039408483393619784,0.031556237443188855,0.024285225478631395,0.015602312750742057,0.016907805088848257,0.02003049952564997,0.016874844970300742,0.025240213554920295,0.038047752559793986,0.017541631081443555,0.023531999691112682,0.022995297074511138,0.017569823927047073,0.013404427875620887,0.011909799211170658,0.012914392452255907,0.013924075356262517,0.02033049790226063,0.012261032659992881,0.01035838931955789,0.011200538853459466,0.013247603577768264,0.013607705795277208,0.01336273673161931,0.017415158507521435,0.02301118115320515,0.029519221237303734,0.03171573494639513,0.034454589120831824,0.031078602462513847,0.043054223713352345,0.04386472174147028,0.04998141777243818,0.05759588514724255,0.04521230586713189,0.054970881718582984,0.0557390760574889,0.0565444989288044,0.04597981378360988,0.05719309163366888,0.05279470230457991,0.03787265474916735,0.029869005743901725,0.03484227047431738,0.0381620392357786,0.024244819335857704,0.011005678868021208,0.0125413215053124,0.012933649931220951,0.009287217986892344,0.007707311279096071,0.00808358914903395
23,0.009063496803790328,0.00909748384458169,0.008715574145766214,0.009101460329587066,0.009882905666775337,0.010215473797769839,0.007495513493020231,0.010666684078400556,0.012301388100497464,0.012265560097120206,0.017844495611070817,0.016048197769493316,0.014267795272367474,0.013282984865045904,0.014542311051285856,0.022450394290895247,0.01989210299769178,0.018204205132832416,0.018835592522968618,0.020585477479115454,0.018459446691272228,0.025517389351007967,0.022621174374068187,0.021385681452117965,0.0253830726022011,0.0334962238763637,0.039353468233773246,0.04859128846642072,0.07135516947065784,0.04283972419230818,0.04865424995760914,0.057434926503297616,0.04285831004901519,0.03334148210600633,0.04211405634049936,0.04629953565079279,0.03172827749855369,0.023677437450240913,0.03984402828566137,0.04530268891175524,0.048386833512144914,0.03926502827994239,0.0342667430366945,0.024292645020054657,0.018516050772083553,0.032630447947880815,0.021908049777769858,0.011505771074927588,0.010679202420263786,0.011180038676395044,0.009777187676637319,0.011251440220922806,0.012646380232507769,0.010438108180190846,0.015796532347942947,0.019583692503013037,0.02265417437342772,0.027054512828793276,0.03676245853028193,0.03053278704204677,0.023027661552672125,0.01556218505513858,0.01302186292086779,0.017757281429195523,0.016844416435290867,0.02759845277207485,0.031961887336181265,0.016898584133007353,0.02328561220377082,0.02020941124186266,0.018783863360464868,0.012182798208935083,0.010928410150086014,0.012246590149119777,0.015118329975635296,0.0184039646262911,0.011913932937680819,0.011838366319700056,0.01125894842664318,0.012135654060584585,0.012734488153581096,0.01628192000858249,0.023523214877114153,0.020063753718814865,0.026241726668458584,0.035359206518147564,0.036815162418353975,0.031090396949708773,0.04198195650413802,0.04984907888043985,0.04411631837570828,0.054787446130979384,0.04593326121180276,0.04680090477333843,0.05118241679474723,0.06165153227797905,0.04443407476953859,0.05142944264282911,0.059444609153923564,0.03193032480508833,0.02930462719046187,0.03344436807853441,0.041590836663466885,0.019673906274842303,0.010157220816413124,0.01056113913098846,0.011236904997626524,0.008542390077719697,0.00810648609460321,0.008583357254218311
24,0.008452324976980442,0.008451057021684067,0.008731819128570314,0.008482791938900778,0.009052617884122857,0.008770579390984773,0.008628846567238021,0.009234431117354724,0.01136504166255539,0.012935091629742991,0.018973712052350405,0.013848677033157474,0.01279692235634907,0.01398213477351023,0.01658442055324992,0.018760352540881483,0.020460597817425805,0.017255159513772437,0.018385497318408384,0.021628375175782734,0.019204138335402254,0.026731112215627288,0.019746047558970123,0.023226568527050524,0.03509789865200906,0.036188808517442904,0.04296276822316493,0.054035577820325316,0.06152767313887983,0.03746897118976883,0.0497894318731683,0.051450988254473806,0.03961843234876093,0.0310017351876742,0.0359394123845021,0.0389630855399437,0.034039897770290775,0.026392476222382024,0.050600011806292096,0.04352891549336475,0.03812872788851817,0.04067087302225378,0.027845544265241606,0.020974543288170087,0.024101641245390125,0.027609712637417606,0.021798833088723248,0.012066232506965879,0.012617068217828249,0.011092784209351794,0.00862455212938554,0.010208163752270658,0.010536103848708414,0.012850769003845455,0.01699670126059392,0.020070483855845332,0.020056224293313926,0.024917518694510078,0.03576241073762139,0.029138275475109228,0.02314300377849407,0.011969126849213628,0.011462064957827985,0.01774118694386185,0.018260937449495956,0.022934854855255298,0.03124887458914015,0.016608820707807313,0.02047063743455878,0.021664049036311916,0.01716556901190051,0.011182003215555042,0.01034249468486578,0.013274388524904441,0.013613281097585767,0.01799488079505539,0.013637598684440875,0.01190778403286338,0.010293172630840305,0.011339974651349127,0.015506551045764242,0.02196717672312169,0.020520957483319113,0.01766399159179878,0.029091882981714154,0.03781718726676284,0.037048481741902006,0.02994175553542615,0.047615693135515974,0.043993385950779534,0.04137337802851492,0.05622494272647582,0.038736045170858435,0.04257196016602848,0.05548977727827887,0.060574000764826115,0.039422713382941565,0.05782403908874303,0.05126704087802081,0.03139370096052631,0.027968429104897538,0.03627138518775149,0.03436047849605332,0.01831773994772072,0.008532868777178229,0.009153639159765345,0.010356094375086493,0.008992382185130793,0.00860786829062143,0.009551083710113043
25,0.007846633331890316,0.008464550468157028,0.008135242104725245,0.007759162100136586,0.007763081307501659,0.01010969012426309,0.0074548650060202075,0.00850512089940958,0.011974498813837796,0.013685229446248197,0.01642205646329141,0.012415732261547853,0.013463851608156732,0.015936520904395592,0.01377587151673878,0.01927424679066786,0.019438591066223188,0.016815745510641997,0.01927365247499768,0.022573788945095125,0.019988079941393195,0.023432152562503226,0.021409921240732713,0.032045133464653264,0.03798217460486153,0.03937813756796998,0.047495439901725334,0.04574036961741685,0.05488565242813587,0.037897608110121266,0.04424317729723748,0.047992395245467376,0.0370789681885559,0.026152951849497764,0.029919569752603292,0.04211649996553198,0.038350218535699865,0.03305410421747053,0.04889010294336523,0.03412648676129107,0.039447235436567626,0.03327023909475767,0.024130018336404307,0.027370330957518698,0.020214980773938806,0.02763315586850343,0.023101232926526945,0.014275804645308622,0.012536817712145982,0.009798073291618442,0.0078041187082475505,0.008483797789740514,0.012972701787035915,0.013785866745511495,0.01737335174223222,0.017721983171709855,0.018340096911139803,0.023945235497211687,0.03431415046372464,0.02946854172486118,0.017937790255134704,0.010524203677556038,0.011378748869426667,0.0192506788833472,0.015030860105336566,0.022216054991892487,0.03116800487848355,0.0145018617435028,0.021949929995064055,0.019855899678056604,0.01583532596548821,0.010585205841920943,0.011188921133396614,0.011930568664091345,0.013246036130506544,0.020725869164480378,0.01374258856058557,0.01089349999102462,0.009600392047187364,0.013789001002342099,0.020904592536595924,0.019133029318802217,0.018074942419152622,0.019411510963181795,0.030913349727203634,0.03809648826905102,0.03590048212992445,0.0335382635507794,0.04192380759499946,0.04125277924913671,0.04186479145119108,0.047932187615462515,0.03494022084043266,0.04573960837762729,0.05416426219741027,0.054665671433749854,0.04377039061735017,0.04978362683898124,0.05143278462235454,0.030026870913002074,0.030161691916943463,0.029800387650022974,0.03247850528071717,0.01551627050597134,0.007380549464866996,0.008418388296374259,0.01092160744433178,0.00955709303058672,0.009578595371234035,0.008204740120480841
26,0.007854373311346915,0.007884107949460635,0.00743865289898619,0.006645201231442655,0.008939278626322895,0.008747301011341382,0.0068537901241249605,0.008935368017885996,0.01265661174978836,0.011781279386866733,0.014761360035176046,0.013057756527357812,0.015337731739790259,0.01322897736811749,0.014081698061922089,0.018289347462077214,0.01898575477004332,0.017599920827085537,0.020067830630741766,0.023576281940044564,0.017400739560428344,0.025502528231131416,0.029483912798904055,0.03456917014583656,0.04140659475730801,0.04337017894769311,0.039928182399981964,0.04012757285469077,0.05653653960538918,0.03325978980708004,0.04095787060927512,0.04531126371372507,0.031477094693489076,0.021553540050517465,0.03203956425017819,0.04784960615997626,0.04862729140927983,0.03135759248076181,0.03854568546680742,0.035160294241725475,0.032228146412262015,0.02899266400402683,0.031589824516253556,0.023033703593185934,0.020079447081728194,0.02945984351238114,0.027640270696143446,0.014208873432489251,0.01108975415545125,0.008876510381146552,0.006470129390575723,0.010424153021244656,0.013918391148848075,0.014045486952720497,0.015298339423259415,0.016167075106596044,0.017506377523037436,0.022697367992892733,0.034889083698853095,0.022989483434149457,0.015868182404752088,0.010437800606242706,0.012267439384173703,0.015861525533333594,0.014442942228535937,0.02195385756490992,0.02762306222261562,0.015455647651925034,0.020123800521598945,0.018367447624852328,0.015061050478948283,0.011454305429307482,0.010035012176122982,0.011588946840459656,0.015182894331577748,0.02103660274161138,0.012595409731857198,0.01016648155429889,0.011653225409809537,0.018556766775438074,0.018187775235925626,0.016828602474817062,0.01987143199314638,0.020423253157276666,0.03091980423188336,0.036956234060699894,0.040461272696738174,0.029099044334854086,0.039227209630980704,0.04173751234614856,0.03515514426418233,0.043652830675632984,0.037243148106183045,0.04419082046838902,0.04854987789469214,0.06167305580534855,0.03713029380204219,0.04986660618398276,0.05023272818448677,0.03245027270317793,0.024624583559500687,0.028035783021312412,0.027913983979164017,0.013516080658521765,0.006775594920347938,0.00886074045683752,0.011630110966288078,0.010645057329131591,0.008228601929315012,0.007854010297926057
27,0.0073112746656162405,0.007207197711300257,0.006368649658223395,0.007643416772891959,0.007725480846272416,0.008052504693831574,0.007188527579281917,0.009415396401124362,0.010884415577054546,0.010540154817151695,0.015561640131905804,0.01486899848823119,0.012724175101715798,0.013515165501715878,0.013291758838353169,0.017842371918057705,0.01991508486818439,0.018293916237651763,0.020905443083224964,0.020599893067727845,0.018821957522510775,0.03526739541935098,0.03172227682130951,0.03755265146122974,0.04570077996988514,0.036302954553699744,0.03481653965558933,0.04069903842275099,0.05059797456467895,0.030440248796041642,0.038386086590988966,0.038797348617466955,0.02608395769566851,0.022883399646893083,0.03602199668629606,0.06127763513193295,0.04688661678408456,0.024275310414677485,0.039895904754690785,0.028598113948648893,0.028054316899622303,0.0381458326516725,0.026700482486526934,0.022945282273272284,0.021241783980892364,0.03547918146635982,0.02788879672722198,0.012590134027111937,0.01005982736103922,0.007367175858137157,0.007933818804584275,0.01115525505031847,0.01418241053434333,0.012326197985113923,0.01392172993716333,0.015398051841109421,0.016485308333074954,0.022803345789551985,0.027371116983414927,0.020442182967949113,0.015823366873793737,0.011242302313486108,0.01003624946921853,0.015253979889942702,0.01415991846139107,0.019273596795970602,0.0298370858402034,0.014076344547062095,0.018620355360116924,0.017514425480051433,0.016371701167061062,0.010275785740960506,0.009729003892818246,0.013261234261255249,0.015323787615694622,0.019424201229851383,0.01177506780896903,0.012347419755494936,0.015648624725959577,0.016106455163754065,0.015981795675208507,0.018477763937344346,0.020916956060096765,0.02020876543360806,0.029772227348880798,0.04169680894899947,0.03535898897844335,0.026867704460485028,0.03960446767209606,0.035043608064459775,0.03159253124609609,0.04695391403817752,0.03566451060028685,0.03919691460625459,0.054421228006797974,0.05331524788280306,0.03670343005421388,0.04862281322082418,0.055441835312707036,0.026555690282620437,0.023043526435658646,0.023985500696154516,0.02462572720781969,0.012485394944114266,0.007119829470241904,0.009415932818920694,0.012981235297145824,0.009154616031456897,0.007877041485056972,0.00785492921425083
28,0.006679688610536044,0.006169049259129,0.007323284532452543,0.006596948963805026,0.007104523728994984,0.008455994593443508,0.007561385368836914,0.008070546739513774,0.009728943544577295,0.011064176574765232,0.017765259251414006,0.012329445410730442,0.012992797089889476,0.012749679863749093,0.012901242394912091,0.018693946786304528,0.020749264296463128,0.01902304857547664,0.01821640488089782,0.02235518787347758,0.025851619896788715,0.03817230316237438,0.034358741394015346,0.04128118113183798,0.03834720346592562,0.031536334864899124,0.03511805906277977,0.035822695572831596,0.04715431607891508,0.028219400694491505,0.032631030959141515,0.03239483415402533,0.027822167907809326,0.025486662008977718,0.04556483883016379,0.05988035779543371,0.03688840731464903,0.024758181196566097,0.032609941388559605,0.024801368464172413,0.03687560663524179,0.03246154146908651,0.026698189710794178,0.024344710638246964,0.025367182818451833,0.0360891375451318,0.025059326386559264,0.011438215884593187,0.008359265299049722,0.009041963607994783,0.00846894788507949,0.011335097734806768,0.012448091101210226,0.011183279715221425,0.013229319021793385,0.014468903037259171,0.01645767207544103,0.01766838371032037,0.02444796164012513,0.02047963436498615,0.017136226633534014,0.009188027008136047,0.009595036222354688,0.01496737941250949,0.012332910369811684,0.020641162704651623,0.02757716942578239,0.01294481370270727,0.01776016338576741,0.019086116332199882,0.014760661449129131,0.00996485815404561,0.011111990554049392,0.013358228533007253,0.014067167368515206,0.01828555939350136,0.01432436150852973,0.01659247955399006,0.013542189802300356,0.014122979914628866,0.017532870848079418,0.019422342656131773,0.020707717624144376,0.01924600072614248,0.03334254512883502,0.03648570049010699,0.03285949213496441,0.026781575284413765,0.033178805701833014,0.03148865910436936,0.033558399350265534,0.04542180714592251,0.031354447453417394,0.04350946475514957,0.046685366209249436,0.05360333773600135,0.03529892701596132,0.05357415920674952,0.046475213441713785,0.024899942271196015,0.019613726355780757,0.021074848897232462,0.023006963105380484,0.013195573571262775,0.007552674492368548,0.010486334052543296,0.011190123502388221,0.008771683206781056,0.007878146215868671,0.007338595127946161
29,0.005714487470997156,0.0070923407166750005,0.006318607626662224,0.006059808423100363,0.007453390809092597,0.00890596302432724,0.006469244354332896,0.0071933266799620674,0.010204269064590066,0.012573489208630488,0.01477448185931011,0.012584704083752367,0.012250411999682971,0.01236829655651198,0.013449326939588965,0.019452739469363635,0.021630360660036613,0.016544334519454702,0.019720615834158278,0.030815419923482912,0.027710518491655147,0.041622093214297134,0.03764522919767217,0.03447906927631841,0.033382986201944076,0.03170170789433241,0.03073161052287949,0.0328730337502032,0.04448084554490647,0.023737623264666528,0.027072436292271903,0.03477895943226072,0.031144690542445817,0.03188998617301399,0.04379282517862641,0.04776247333373729,0.03811487991768876,0.019922620484993266,0.028397867092385114,0.032491074352825215,0.03133921246752352,0.032652024536834454,0.028435736115131043,0.029165194558196588,0.025535580234753115,0.03270357146414679,0.023057736215548918,0.009517897434537211,0.010269847046498106,0.009662626503569173,0.008582167706715745,0.009920313101892663,0.011295265786787197,0.010597637478334228,0.01240371629397414,0.01441509307612007,0.012669384890991708,0.015625572405825214,0.02459332318596377,0.022284253607608894,0.014088953426242737,0.00877658299816917,0.009360965831929653,0.013046872258628632,0.013115179321126474,0.018898629294954426,0.02571246485890931,0.012275815406461447,0.01935874798690363,0.017255584988179352,0.01437918880737299,0.011384083960744614,0.011168937997722709,0.012238364246006836,0.013170600645302311,0.022391889398556335,0.019287706065208333,0.014372775855975463,0.01184362961644845,0.015464439169691856,0.01841142360307777,0.019198749815134412,0.019731232392102525,0.021322666587543407,0.028923373308705123,0.03394620805021719,0.03295708188737473,0.02214076135210302,0.029755528032789025,0.03344447711897782,0.03201342690924339,0.04034074223196846,0.03452235950147944,0.036898881008610517,0.046611202022793605,0.05247270863005678,0.03835630291031961,0.04482097427263249,0.044487833431910075,0.02123418205147147,0.01715674348738244,0.01961807997212403,0.024577478936760877,0.014083973524565342,0.00839546940586895,0.009016669182387494,0.01074411731392923,0.008780830787297066,0.0073604581604218376,0.007168822998182784
30,0.006566744349475681,0.006117923588330377,0.0058025048607675414,0.0063506926738634084,0.007842076168388652,0.007629953590583384,0.005756782915012633,0.007525502761025151,0.011586204238282643,0.010401759925449866,0.015117779545561053,0.011860731744375878,0.011877958877309915,0.012886782225784411,0.013920840504460266,0.020251966685298026,0.01886204269199648,0.01788001885257994,0.027110744699851728,0.033200421443732454,0.02988972262778951,0.04594895791261333,0.031323438493502186,0.029895350118054415,0.03362215361418458,0.0276441020676798,0.02805302737639123,0.030551357531260148,0.03805321271088238,0.019514586518433373,0.02890585588983683,0.039212869134661134,0.03919713012884909,0.0302168457877501,0.034342864339675754,0.04991403592198383,0.031096485905957646,0.017124715468318195,0.037340378265840406,0.027487822792461376,0.031486585785926106,0.034991088859099836,0.03420972614590212,0.029473659157904043,0.02288944575592734,0.030329206842893454,0.01941486057609427,0.011706974449469727,0.010988413121664922,0.009803607923373285,0.00749013341812721,0.008978604922093219,0.01070497013990329,0.00990984103635328,0.012331744548732052,0.011073976396888155,0.011147825999254493,0.015577603404290475,0.026873291095742772,0.018417995540016434,0.013524942639250505,0.008555409430329796,0.008113653529444566,0.013884465456476706,0.011916417149002843,0.01746487953582115,0.02470316518771395,0.013306459938090213,0.017506934613091316,0.016852308509808372,0.01650068799792936,0.011445574512948071,0.010209954085203166,0.01143714061219783,0.016044685190214972,0.03039941750414499,0.016753356938490588,0.012580630119890185,0.012938671967950649,0.01620522671012899,0.018180724470657442,0.01826527421076854,0.021871076974885034,0.018269422734803833,0.02670067056418047,0.03408532440155183,0.02742014334463016,0.01963221117469027,0.03154724391036478,0.03190098537637437,0.02803843892752857,0.04483251180163153,0.02900470321955355,0.036465913037975646,0.04529341891270925,0.05805100826510722,0.03158166801120989,0.042830029669557755,0.038716084624581794,0.018604958205731697,0.015907139653789062,0.02088481950155364,0.02653826868147208,0.015759300175795073,0.007203618615103098,0.008638304182657857,0.01077676706228677,0.008211297353663485,0.007190338080345178,0.008637397082063888
31,0.005661542896977365,0.005617078184749111,0.006079461795919153,0.006674460125442291,0.0067112948824121985,0.006797604019647094,0.0060139189500976195,0.008521596775345948,0.009575429142320306,0.010596426580000535,0.014284732116649894,0.011495586920160379,0.012369746289485685,0.013330971899065968,0.014411479336389466,0.017635213988858183,0.020433003976791726,0.02453433463240513,0.02909778898438609,0.036014712702234206,0.03259787388462048,0.03856547561815985,0.02707075744234565,0.03000128464344663,0.02937700764575981,0.025154498465745974,0.025942470121787714,0.025761039146901428,0.031748921294213736,0.02067555697001351,0.03239390260745847,0.049765755025166,0.03742307527661775,0.0233646942976703,0.03539115466368248,0.0412287146077253,0.027037600836787683,0.02225903958819688,0.031749527604206434,0.027507714494686242,0.03370156100668411,0.042382134403437514,0.034752118019094363,0.026526644133315833,0.02101440000449361,0.02572901958374432,0.024121219715812613,0.012544307941332147,0.01116368311146816,0.008566706467467815,0.006762516160603057,0.008489487595856571,0.01001129332342476,0.009827523405336967,0.009453522122003226,0.009728301926614722,0.011063278023179326,0.01686585902069095,0.022315588507643862,0.017758661231350722,0.013247570671838656,0.007409409547571353,0.008591594814614356,0.012625230630316436,0.010934557662960177,0.016638474006389802,0.027118373680417304,0.011959782236519062,0.01710215799651219,0.019387339481364202,0.016676125334165768,0.010465766473584857,0.009521973605532445,0.013908518111791718,0.02164188977577703,0.026707625251944436,0.014699879443378945,0.013754074182142244,0.013523775279554456,0.015966286613276925,0.017278813240579526,0.020215904639025555,0.018749809866497012,0.016682427691443884,0.0266105117124199,0.028391960483986265,0.024445418741310003,0.0205994272395125,0.030032361417115065,0.027936715103759238,0.03076599532980865,0.038073579229664256,0.028431322699528614,0.03506185184533779,0.049731687509580916,0.048797199748337086,0.029766235482331132,0.037208802423372274,0.034539156968912875,0.017275330813198386,0.01687040671324363,0.02246595952674507,0.03007498099876192,0.013623223235799843,0.006888730956636874,0.008646148885634313,0.010098108109274194,0.00802839287318525,0.008663507858206404,0.007710011694425389
32,0.00519567259278763,0.005884087393781527,0.00638765769612841,0.00570532523617962,0.0059736316066838074,0.007108672194134817,0.006799581198278554,0.007020913026653566,0.00974649375050537,0.009966767320993853,0.01387901251089471,0.011966911415379434,0.01278941762620865,0.01379257194390155,0.012475011201031522,0.019080138423806268,0.028110522552238424,0.026262995649019745,0.03143093940286324,0.03952738249702952,0.026982172837598385,0.033580627058983806,0.02708781166002835,0.026115460350394526,0.026779064882144234,0.023192848464524865,0.02177130242106588,0.021222012122248505,0.034062771814142995,0.02297573637289921,0.040821958841117216,0.048041822565166606,0.029153425138308032,0.023807231926347986,0.028792773548935096,0.036226145032684114,0.03550205622407119,0.018634335086988002,0.03191234827285764,0.029322329078161465,0.04076574767333892,0.043421530055797256,0.0314483542992596,0.024444639694812042,0.017657416479858582,0.03217316508891945,0.026175270419124593,0.01276447563770947,0.009768599126321885,0.007742905867278688,0.006379856230988365,0.007921632164772615,0.009929151911922778,0.007514731308928377,0.008291173861491941,0.00964068009613444,0.011923523699149376,0.013862852623273704,0.02160250431861999,0.01746943394869892,0.011527609826665144,0.007840300768120034,0.007770682824429601,0.01159328315401187,0.010348375566710234,0.018115410373846882,0.024719896118687572,0.011617668262269244,0.019679774174742204,0.01965114472845524,0.015329661233300993,0.009763071075081108,0.011557124468960546,0.018719878113429993,0.018843440425501203,0.023673713665056835,0.01610556024637559,0.0143879366149677,0.013288153488311964,0.015140081972901058,0.019104897538413726,0.01730157298215092,0.017129466646806264,0.01645670550086218,0.02199547257422616,0.02533712561456213,0.025776316703936052,0.019391049297749888,0.026249633856156345,0.03065116723609938,0.02574853317663199,0.03767277610351165,0.027110555224126018,0.03808933636131635,0.04143806348961225,0.04682455209823586,0.02551137964866005,0.033142521605828035,0.03260007174068435,0.018346956087200224,0.018073521945313274,0.025353899326989445,0.026382226701784948,0.013112506524969179,0.006882839813243228,0.008084252542620492,0.009891994758081031,0.009681437944013244,0.007733523042757356,0.006970418558540225
33,0.005440344246853741,0.006181163690774273,0.005458592028440257,0.005073093956382315,0.006241814262949778,0.008046215012686722,0.0055924374805999605,0.007127955400340637,0.009159470612436346,0.009641453838620407,0.014482977134073717,0.01236787063227236,0.013225004062026752,0.011931771791191524,0.013426610123105977,0.026213127300182337,0.030201880758479505,0.028286253982427522,0.03433327564957286,0.032953972485740744,0.023214853553868275,0.033828124975011815,0.023508735567662815,0.023726224389142368,0.024731939130725227,0.019408989797221887,0.017862107832731604,0.02252378459591061,0.03837689558831266,0.028674327771712468,0.03904038984844691,0.03784314043136219,0.029882726693666782,0.019138738473625492,0.02497519806819927,0.048020697183149164,0.030128918923378364,0.018479586717662866,0.03417229810637708,0.03530856730377286,0.041695122784764435,0.039649713274072074,0.02912732581221329,0.0206119101831361,0.021898507289115517,0.03520334132280374,0.027007489951988727,0.011187458193795229,0.008839939197887461,0.007311987180830884,0.0059404720920609505,0.007840086732786041,0.00759322090335268,0.0065778902483991835,0.008204589818031696,0.010375385435654664,0.009751490256862325,0.013304841094895862,0.02133416189827375,0.015266659221475205,0.012248811916598176,0.007085803689360301,0.007100620055977241,0.010979101635091462,0.011195350303538798,0.01636178576805831,0.024326945104758135,0.013294485939243414,0.019953509068365103,0.018119290333283657,0.014371031927751184,0.011852638641147028,0.015518064350085873,0.016250729655337248,0.016568999936907195,0.026175923825881124,0.016888058048144465,0.014149653814898428,0.012566333465697488,0.01670378429113073,0.016332210051687772,0.0157830920330978,0.016905382724451436,0.01346220313531817,0.019500488608809482,0.026741012623405006,0.024393195921152945,0.01676472605453469,0.02875026486822522,0.025649393666104966,0.025155166101270564,0.03626767360246992,0.029210765248370383,0.03135314911057719,0.03945764261593537,0.04084954273821263,0.02245065946630757,0.031236660888921956,0.03517078184395392,0.019684937205466765,0.020305584626845907,0.022133089774555227,0.025725963545697377,0.013183916531984472,0.006424111333312768,0.007903165842842192,0.011951207380128807,0.00865106615247826,0.0069918397044244265,0.006915139692239085
34,0.005712468438221119,0.005281035058040145,0.004852498158743473,0.005296050503977067,0.007058866556967149,0.006626071118585563,0.005669544777634346,0.006680977601403928,0.008853285075685682,0.010017967864999863,0.015006456254992988,0.012783644889900692,0.011434195347303194,0.012834872179449076,0.018340359619220523,0.028108448253226632,0.03266070179610121,0.030798217762925666,0.02846968454802721,0.02852794036820214,0.023137777442527176,0.029563274060743668,0.021300970386264616,0.021843953105104934,0.02072964463551055,0.015885602767343316,0.018892926727620662,0.02507690688542016,0.04866247151981395,0.027079954635111713,0.030464538853191985,0.039140153950597285,0.024173304687568127,0.016437775410165466,0.03272463102022688,0.041288797297224185,0.030232826379574886,0.019517449677661277,0.04135529942900745,0.03590923864419736,0.038004680771112055,0.037037002318830246,0.024678846312203632,0.02563974856745781,0.02370928199218203,0.03666249299406458,0.0240172889072846,0.010138439654067001,0.008357206475808178,0.006814800591791761,0.005867603720333107,0.005983005190747839,0.006647120316949056,0.006497971938809111,0.0088170659373807,0.00847209214055185,0.009320113694488241,0.013029075585836348,0.018717696714201964,0.016283383625971006,0.011119477134169796,0.006470331120888755,0.006694021173570929,0.011885274204545113,0.010040843726700294,0.01596487905976037,0.02820076190433941,0.013392174896824495,0.018403760823854504,0.017034473329901767,0.0175283964247376,0.01591961792056001,0.013427423764574158,0.014251576224082544,0.018187918930340195,0.027731532792460573,0.016650606109763273,0.013392729202608806,0.013828076688980643,0.01424470058634909,0.014884123049965158,0.015555311988810664,0.01383554949680629,0.011831926747910825,0.020458463972872598,0.02533120988749664,0.02119751155397924,0.018184662449434064,0.02401159857295586,0.025055761170928906,0.02390598005465158,0.039448571397712975,0.02382486753276291,0.029543882367149304,0.034158674714176676,0.03652350158884969,0.02092820320843413,0.03365242917219975,0.03839366929755974,0.02215236157916422,0.017634741892997442,0.021488741843650724,0.02620094174489208,0.01238380369967554,0.006269717979841144,0.009529223698224511,0.010703802778507032,0.00782862509915788,0.006936540449270887,0.006389138821463975
35,0.004878292324759097,0.0046938182009378685,0.005064636955765861,0.005983608137582848,0.005807207439533388,0.006724418085132926,0.00530622646628011,0.006441531817982449,0.009191705979635785,0.010333243987216544,0.015552479837799383,0.011047662258726304,0.012293443316825503,0.017521552861721,0.019508723166297634,0.0303313628926438,0.035721949491224834,0.02544521119793786,0.02453217606763367,0.02858872867798531,0.019999416193862637,0.02695403413297523,0.01956250195186571,0.018254954953012995,0.01698939609073125,0.016768611917615906,0.020956637780953424,0.031364099440862166,0.0469222734538339,0.020871628914825146,0.03126886301552549,0.03196704176983003,0.020868950035416004,0.021351217005612794,0.027692101049751238,0.04191347237624335,0.03231776527475241,0.02326696993070201,0.042324132216107334,0.032534479622244164,0.03543966146297711,0.03163826964040141,0.030826731239061843,0.02786646778101213,0.02440130673802408,0.03293008006383559,0.02205136595538487,0.009597370622194517,0.007797158890813333,0.0067371323594636115,0.004468859536329868,0.005229050326477897,0.006566817487363598,0.006971052968077262,0.007188316505949492,0.008086863848278095,0.00909022620013453,0.011334972221695818,0.020034463866182784,0.014842690239024642,0.010195058473278265,0.00609595436315041,0.007215258218534325,0.010667061210639142,0.009734715376642196,0.018349852869345724,0.028843730073824046,0.012269887362306964,0.017306926498448106,0.020833302900786752,0.02367889942508351,0.013780499583714276,0.01174189238079717,0.015607286040498726,0.019112038304116282,0.027646552785755656,0.01579997789957565,0.01474979269145312,0.011757959204220843,0.012954210603895167,0.01465593037990633,0.01271317839679482,0.012164664361726016,0.012316848011207656,0.019255583972320647,0.022033824974483023,0.023097025377353197,0.015024000310230934,0.023416511746231654,0.023809083882192827,0.02567337080919926,0.03251795147509179,0.022276892543713202,0.025315006673150314,0.030329636125241644,0.034544014504583054,0.022309350253101705,0.0366784575801721,0.04404676092526917,0.01927494179094784,0.01704295119314072,0.02179071744242826,0.02493982517312639,0.012159113033729938,0.007547270948788797,0.008513742933889904,0.009706309733465633,0.0077732576926094815,0.006409050338662806,0.005483855327052063
36,0.004334103052365197,0.00489823680709854,0.005720819077899162,0.0049172852518431075,0.005888547713991827,0.006300186544263677,0.005108980722140464,0.006671528551408513,0.009473071047004226,0.010658658535316515,0.013478295876957348,0.011873217659252895,0.016773223042108914,0.01862222106079758,0.020866900879455284,0.0330945932041108,0.02966385243630289,0.021857958905808616,0.02448374960150441,0.02484967419205042,0.018056328175095254,0.024898008548064808,0.016310307781911997,0.014923501171483201,0.017953897416847373,0.01856009437078626,0.026100501441651856,0.029702412954468516,0.0369178406187494,0.021212797708069796,0.02533079637345742,0.027819521471487738,0.02722959916080544,0.01785776492428569,0.027717962684476766,0.045350178385465977,0.03903599292985491,0.023371065367696165,0.03860335443251071,0.03016711869355104,0.030223631518233738,0.03980388282496095,0.03368323741194059,0.02880247901787162,0.02164168898427436,0.03051325424737207,0.021128810355817772,0.008965427586535655,0.007715926606374614,0.005135598656365128,0.0038997715809117577,0.005158515182447708,0.007045400533602349,0.005672746708634938,0.006852589499849532,0.007877590202536453,0.007876836486191391,0.012041775068333146,0.0183317910726157,0.013660171174417528,0.009641312410763405,0.006566669020966246,0.006445250508687119,0.010348387574287589,0.011118578487087636,0.018579883832641583,0.026847031970636034,0.011466965991688371,0.021172383846653476,0.028238446974151787,0.02066006646895959,0.012054960892543728,0.012826208675633204,0.016357290403291987,0.018886039777349383,0.026530845264393057,0.017443523518185865,0.012553423800966032,0.01066584696597282,0.01273066527099798,0.011967191001365,0.011165131681492125,0.012667487535150635,0.011497103699750244,0.016645308869589277,0.024028810692261735,0.019178506298191015,0.014517963644609964,0.022214047100661948,0.025566773237484408,0.02086367676792632,0.030678358975875238,0.018946331019574922,0.022273359460100665,0.02850260682757368,0.03734305461786449,0.024033303499558987,0.042004079227075004,0.039203203724749766,0.018659262469813236,0.017204285358645346,0.020648361643103026,0.024802644218561796,0.014723984346936113,0.00672953141229809,0.007703289707406731,0.009655937352031407,0.007188195301778002,0.0055010554434536205,0.005086757444116853
37,0.004521222664592007,0.005531936503172966,0.004700086220528772,0.004981701965087113,0.005512409319353381,0.006072059948607822,0.00528431028543055,0.006858304389094988,0.009762912418369468,0.009191456195146004,0.014521180159263422,0.016192974046665202,0.017813315046485884,0.019900689109010904,0.022547827416683083,0.02740739377539845,0.025592641694335772,0.02175516899512089,0.021192022884378426,0.02254694051671879,0.016527876821288878,0.020872392103540523,0.013307384617882391,0.0157376457947834,0.019895992725294798,0.023059276672644256,0.02458409574433371,0.02295473853604949,0.03814645715792729,0.017007858438168107,0.021894191163771507,0.036558149794846756,0.022911957190684618,0.017695462845595877,0.029552834020490394,0.0555253883793042,0.039854066007978174,0.02090279866035204,0.0360203498059164,0.025587235337314034,0.037968668458069475,0.04389886076316174,0.03502419647470824,0.025660883413637404,0.019821971015490176,0.029491868131567053,0.019970092434135913,0.008882482993010797,0.005887518165729334,0.004484607931457468,0.003842032806286769,0.005526627252769667,0.005733676322722992,0.005399561028711898,0.0066669609405968795,0.006817723300006983,0.008338837955806493,0.010929239456798264,0.016931259799739008,0.012963599916015898,0.010422969096721404,0.005862048239836512,0.006226131985810686,0.011826816420141526,0.011175633406702818,0.017112837843271913,0.025466040366242473,0.013945208250697816,0.028707994819616243,0.024753921299702605,0.018200055004870007,0.013172360723985786,0.013404698384664035,0.016118598671055754,0.017962042786011635,0.029613518727851642,0.014886736516358611,0.011396599852204578,0.010457546501746746,0.010374859023799391,0.010502045576861819,0.011614887484300168,0.011828606215324824,0.009860558441295521,0.018052938371633694,0.01997125920724481,0.01861103705738233,0.01364808892426896,0.023815071760780897,0.02077477586772653,0.019449101577667747,0.026317862507839424,0.016561677369137072,0.020759160492242554,0.030620512764412345,0.04085698363338484,0.027166278910739985,0.03730543123883438,0.03873813423178377,0.01886692081841893,0.01622628960933995,0.020444804255848444,0.030423974612526033,0.013224283515260038,0.006077986122528161,0.007647843306771532,0.008946147819830013,0.006174658191725128,0.005102800329017781,0.005104427891789282
38,0.005104211107664971,0.0045440419478630575,0.004760617606286056,0.004659238024559249,0.005308600519701181,0.006286526661418279,0.0054246754882050965,0.007049535167239401,0.008411398767729776,0.00985979982649526,0.01985754014214271,0.017186947070253023,0.01902057158368403,0.021482585464815688,0.018471573141968265,0.023591010861943117,0.02556991983876923,0.018777764716122733,0.019156376370924436,0.020733178611261206,0.013737657122258513,0.01710888252725697,0.014010377341854407,0.01740073742881665,0.0247527037663723,0.02165194613370477,0.01889948631475839,0.023379698562916346,0.03112327391655192,0.014575952241027106,0.028597267145252032,0.03105918178473721,0.022821159344812186,0.018674368082866523,0.03559458546518331,0.0576787440947756,0.03625692032556103,0.01915155590590868,0.030737357054556096,0.03199121642438186,0.04179496393467932,0.04613422867332084,0.031405159352947715,0.023600167329397296,0.01894948752085963,0.0281147108779704,0.020007504355232627,0.006785618095340565,0.005145102408534827,0.004420806071318537,0.004110761201887596,0.004490802193472707,0.005457891341072434,0.005245618670588957,0.005762941959471257,0.00720990622903337,0.007540153338338759,0.010018708568269072,0.01612135107137257,0.014061781228185497,0.009340817088779206,0.005659434991798757,0.007086116097122682,0.011896027098767364,0.010216144025464799,0.01607180360267197,0.03141464456684386,0.018769958269233243,0.025177694253984678,0.02189798731220347,0.020011529506381572,0.013771291092212626,0.013169561240428724,0.015286878970232546,0.019874150684629506,0.025589870227286884,0.013546905481519579,0.01118228802085915,0.008502803395622021,0.00909001332138431,0.010917769979836695,0.01083416218623329,0.010148276808857729,0.010621146525356747,0.014913170717797518,0.019396010124438035,0.017568886911467265,0.014504673799339306,0.01931667253792874,0.01936447067142129,0.016493612930125617,0.02317956853499551,0.015346124308296212,0.02212533200414367,0.0332695289980004,0.04699315700122639,0.023759417024834712,0.03679020585805404,0.0399874169872227,0.01782456639136939,0.01599410847757159,0.024966894238658242,0.027767627227222924,0.012022535894561714,0.006024370507399745,0.007071326780699982,0.007698370318751594,0.0057315194136529505,0.005120608893476028,0.004847448726749456
39,0.00419089670828411,0.004601842023998165,0.004451475686731484,0.004483126921946295,0.005491882036662406,0.006460019447954512,0.005567894849388989,0.0060570456618970515,0.009015923639489148,0.01341968495017084,0.021155253444084362,0.01834005387401643,0.020514086930796285,0.01757974734330088,0.015754724863478557,0.023521747654114238,0.022156832673298443,0.016932261583553522,0.01755447223560757,0.01730702802590071,0.011179154124988535,0.01808236512446121,0.015463802844473223,0.02159337145877157,0.0232823843402725,0.016595453404304548,0.019169804395511532,0.01878681679562178,0.02706163452809413,0.01889710296893296,0.02409664098647185,0.031196219718889865,0.024209944804685885,0.02224279799501277,0.03621085496139595,0.053465342210531376,0.03374854822586944,0.016061593720436793,0.03863450606054871,0.03499767428259206,0.04382676103393751,0.04184901867236176,0.029054437263203548,0.022648686605683113,0.01787049920295788,0.028403433323167096,0.015457895203052624,0.005935313585237701,0.005075271095473474,0.00473276541536096,0.0033355547544485333,0.004269461729718737,0.005302596550758808,0.004527850422121113,0.006087984270313808,0.006511937062668613,0.006888368567244842,0.009472852716335035,0.01754315845696947,0.012648342746011895,0.009049632093687542,0.006437473237065906,0.007093553099019935,0.01088261606873472,0.00952780619807499,0.019636717829638783,0.04304607578761113,0.01629503714958874,0.02228255073231099,0.024168552271008347,0.02106743574979315,0.013534753024987864,0.012452686447496362,0.01686825718365189,0.017003156847660492,0.023542525895347215,0.013321131527805584,0.009098738557713506,0.0074357309573795044,0.009436376335439006,0.010176725316175002,0.009285754923994636,0.010934234821309046,0.00870801018352175,0.014409245763194103,0.018324561821747208,0.018746066135113627,0.011653755588292592,0.017978579614684,0.016420425037143825,0.014381711287202077,0.021623805906059255,0.016266144772217814,0.02383057962777677,0.037965831676504996,0.04195491479029494,0.023106150589415248,0.03789986992018724,0.038609332302572526,0.017598105815192274,0.019443426030518185,0.022659474892743493,0.02562188600548494,0.011988182496096627,0.005561138080188893,0.006073553186171824,0.0071568510487323225,0.005755159289006372,0.004862894554244384,0.004387917948753599
40,0.00424270045657532,0.004302324660584546,0.004282325064302113,0.004634064915550976,0.005638935431902032,0.0066374838430534365,0.004776874373279649,0.006476985609553643,0.012260675975184826,0.014203383018877738,0.022666122877867085,0.0197664227314017,0.016770601390290015,0.01498046121709228,0.015583401038390609,0.02033930011298582,0.020048270781840405,0.01548123873074072,0.014606191132005106,0.014134920063281523,0.011744386373534378,0.020040979722227553,0.019151984048612715,0.02024512972163928,0.01787491424730667,0.016793381348448152,0.015337828199169335,0.01612973021456163,0.0355344980400691,0.015765653645280254,0.02403028419825758,0.03338076073298213,0.028999735761493638,0.02231890559830379,0.032818013655691126,0.05067120981921763,0.02873104595361011,0.019887082568507453,0.04255735306339712,0.03644053321494453,0.03965993681032933,0.03913856635774709,0.02803969425343142,0.021439904507808492,0.01786570332485885,0.02213425986130771,0.013639966891994698,0.005859411856107452,0.005436987663121512,0.0038426622916731858,0.0031674775096851397,0.004143030297998935,0.004577294723078835,0.004777296316949495,0.005492418134361202,0.005942876109094432,0.006492536000981669,0.01023911054555194,0.015835701081913338,0.012295099614835723,0.010328959741444366,0.006440022407729872,0.006457873162285191,0.010156211185972194,0.011564271484958888,0.02658405300775589,0.03831823077174085,0.014291075790881154,0.024602663522487897,0.025552193836880163,0.02085989944432976,0.012802736879944064,0.013701441368741045,0.014387366627859633,0.01550615739472109,0.023387142722699723,0.010862555820565284,0.007961663682428252,0.007706194928028539,0.008782727377504032,0.00871648520666835,0.009996202686965683,0.008967541424090694,0.00836109395334708,0.013544390655529781,0.019567425447320104,0.015126597535699192,0.010762388307838487,0.01522372076994008,0.014316829319034075,0.013296683495597731,0.023067247433753706,0.017415463080188515,0.026931533942347624,0.03357736997998785,0.041576273821166895,0.023469648987224534,0.03651432669702591,0.03894291058104831,0.021428273444201198,0.017547078939740012,0.020799186343064803,0.025905255387521562,0.011133171979893646,0.00476920032881468,0.005637096431247812,0.007196686298791855,0.005468996715495439,0.004401968076429049,0.0046105204663181645
