Date,P,D,CPI,,,,,,
1871.01,4.44,0.26,12.46,,,,,,
1871.02,4.50,0.26,12.84,,,,,,
1871.03,4.61,0.26,13.03,,,,,,
1871.04,4.74,0.26,12.56,,,,,,
1871.05,4.86,0.26,12.27,,,,,,
1871.06,4.82,0.26,12.08,,,,,,
1871.07,4.73,0.26,12.08,,,,,,
1871.08,4.79,0.26,11.89,,,,,,
1871.09,4.84,0.26,12.18,,,,,,
1871.1,4.59,0.26,12.37,,,,,,
1871.11,4.64,0.26,12.37,,,,,,
1871.12,4.74,0.26,12.65,,,,,,
1872.01,4.86,0.26,12.65,,,,,,
1872.02,4.88,0.27,12.65,,,,,,
1872.03,5.04,0.27,12.84,,,,,,
1872.04,5.18,0.27,13.13,,,,,,
1872.05,5.18,0.28,13.13,,,,,,
1872.06,5.13,0.28,13.03,,,,,,
1872.07,5.10,0.28,12.84,,,,,,
1872.08,5.04,0.29,12.94,,,,,,
1872.09,4.95,0.29,13.03,,,,,,
1872.1,4.97,0.29,12.75,,,,,,
1872.11,4.95,0.30,13.13,,,,,,
1872.12,5.07,0.30,12.94,,,,,,
1873.01,5.11,0.30,12.94,,,,,,
1873.02,5.15,0.31,13.23,,,,,,
1873.03,5.11,0.31,13.23,,,,,,
1873.04,5.04,0.31,13.23,,,,,,
1873.05,5.05,0.31,12.94,,,,,,
1873.06,4.98,0.32,12.56,,,,,,
1873.07,4.97,0.32,12.56,,,,,,
1873.08,4.97,0.32,12.56,,,,,,
1873.09,4.59,0.32,12.56,,,,,,
1873.1,4.19,0.33,12.27,,,,,,
1873.11,4.04,0.33,11.89,,,,,,
1873.12,4.42,0.33,12.18,,,,,,
1874.01,4.66,0.33,12.37,,,,,,
1874.02,4.80,0.33,12.37,,,,,,
1874.03,4.73,0.33,12.37,,,,,,
1874.04,4.60,0.33,12.18,,,,,,
1874.05,4.48,0.33,12.08,,,,,,
1874.06,4.46,0.33,11.80,,,,,,
1874.07,4.46,0.33,11.89,,,,,,
1874.08,4.47,0.33,11.80,,,,,,
1874.09,4.54,0.33,11.80,,,,,,
1874.1,4.53,0.33,11.61,,,,,,
1874.11,4.57,0.33,11.51,,,,,,
1874.12,4.54,0.33,11.51,,,,,,
1875.01,4.54,0.33,11.51,,,,,,
1875.02,4.53,0.33,11.51,,,,,,
1875.03,4.59,0.32,11.51,,,,,,
1875.04,4.65,0.32,11.61,,,,,,
1875.05,4.47,0.32,11.32,,,,,,
1875.06,4.38,0.32,11.13,,,,,,
1875.07,4.39,0.31,11.13,,,,,,
1875.08,4.41,0.31,11.23,,,,,,
1875.09,4.37,0.31,11.13,,,,,,
1875.1,4.30,0.31,11.13,,,,,,
1875.11,4.37,0.30,11.04,,,,,,
1875.12,4.37,0.30,10.94,,,,,,
1876.01,4.46,0.30,10.85,,,,,,
1876.02,4.52,0.30,10.85,,,,,,
1876.03,4.51,0.30,10.85,,,,,,
1876.04,4.34,0.30,10.75,,,,,,
1876.05,4.18,0.30,10.37,,,,,,
1876.06,4.15,0.30,10.09,,,,,,
1876.07,4.10,0.30,10.09,,,,,,
1876.08,3.93,0.30,10.18,,,,,,
1876.09,3.69,0.30,10.28,,,,,,
1876.1,3.67,0.30,10.47,,,,,,
1876.11,3.60,0.30,10.56,,,,,,
1876.12,3.58,0.30,10.75,,,,,,
1877.01,3.55,0.29,10.94,,,,,,
1877.02,3.34,0.28,10.66,,,,,,
1877.03,3.17,0.27,10.18,,,,,,
1877.04,2.94,0.26,10.47,,,,,,
1877.05,2.94,0.25,10.66,,,,,,
1877.06,2.73,0.25,10.09,,,,,,
1877.07,2.85,0.24,10.18,,,,,,
1877.08,3.05,0.23,9.80,,,,,,
1877.09,3.24,0.22,9.70,,,,,,
1877.1,3.31,0.21,9.70,,,,,,
1877.11,3.26,0.20,9.51,,,,,,
1877.12,3.25,0.19,9.51,,,,,,
1878.01,3.25,0.19,9.23,,,,,,
1878.02,3.18,0.19,9.13,,,,,,
1878.03,3.24,0.19,8.94,,,,,,
1878.04,3.33,0.19,8.85,,,,,,
1878.05,3.34,0.19,8.56,,,,,,
1878.06,3.41,0.19,8.37,,,,,,
1878.07,3.48,0.18,8.47,,,,,,
1878.08,3.45,0.18,8.56,,,,,,
1878.09,3.52,0.18,8.56,,,,,,
1878.1,3.48,0.18,8.47,,,,,,
1878.11,3.47,0.18,8.37,,,,,,
1878.12,3.45,0.18,8.18,,,,,,
1879.01,3.58,0.18,8.28,,,,,,
1879.02,3.71,0.18,8.37,,,,,,
1879.03,3.65,0.19,8.28,,,,,,
1879.04,3.77,0.19,8.18,,,,,,
1879.05,3.94,0.19,8.18,,,,,,
1879.06,3.96,0.19,8.09,,,,,,
1879.07,4.04,0.19,8.18,,,,,,
1879.08,4.07,0.19,8.18,,,,,,
1879.09,4.22,0.20,8.47,,,,,,
1879.1,4.68,0.20,8.94,,,,,,
1879.11,4.93,0.20,9.42,,,,,,
1879.12,4.92,0.20,9.70,,,,,,
1880.01,5.11,0.21,9.99,,,,,,
1880.02,5.20,0.21,9.99,,,,,,
1880.03,5.30,0.22,10.09,,,,,,
1880.04,5.18,0.22,9.70,,,,,,
1880.05,4.77,0.23,9.42,,,,,,
1880.06,4.79,0.23,9.23,,,,,,
1880.07,5.01,0.24,9.23,,,,,,
1880.08,5.19,0.24,9.23,,,,,,
1880.09,5.18,0.25,9.32,,,,,,
1880.1,5.33,0.25,9.32,,,,,,
1880.11,5.61,0.26,9.42,,,,,,
1880.12,5.84,0.26,9.51,,,,,,
1881.01,6.19,0.27,9.42,,,,,,
1881.02,6.17,0.27,9.51,,,,,,
1881.03,6.24,0.28,9.51,,,,,,
1881.04,6.22,0.28,9.61,,,,,,
1881.05,6.50,0.29,9.51,,,,,,
1881.06,6.58,0.29,9.51,,,,,,
1881.07,6.35,0.30,9.61,,,,,,
1881.08,6.20,0.30,9.80,,,,,,
1881.09,6.25,0.31,10.18,,,,,,
1881.1,6.15,0.31,10.28,,,,,,
1881.11,6.19,0.32,10.18,,,,,,
1881.12,6.01,0.32,10.18,,,,,,
1882.01,5.92,0.32,10.18,,,,,,
1882.02,5.79,0.32,10.28,,,,,,
1882.03,5.78,0.32,10.28,,,,,,
1882.04,5.78,0.32,10.37,,,,,,
1882.05,5.71,0.32,10.47,,,,,,
1882.06,5.68,0.32,10.56,,,,,,
1882.07,6.00,0.32,10.47,,,,,,
1882.08,6.18,0.32,10.56,,,,,,
1882.09,6.24,0.32,10.28,,,,,,
1882.1,6.07,0.32,10.18,,,,,,
1882.11,5.81,0.32,10.09,,,,,,
1882.12,5.84,0.32,9.99,,,,,,
1883.01,5.81,0.32,9.99,,,,,,
1883.02,5.68,0.32,10.09,,,,,,
1883.03,5.75,0.32,9.99,,,,,,
1883.04,5.87,0.32,9.90,,,,,,
1883.05,5.77,0.32,9.80,,,,,,
1883.06,5.82,0.33,9.51,,,,,,
1883.07,5.73,0.33,9.32,,,,,,
1883.08,5.47,0.33,9.32,,,,,,
1883.09,5.53,0.33,9.23,,,,,,
1883.1,5.38,0.33,9.23,,,,,,
1883.11,5.46,0.33,9.13,,,,,,
1883.12,5.34,0.33,9.23,,,,,,
1884.01,5.18,0.33,9.23,,,,,,
1884.02,5.32,0.33,9.23,,,,,,
1884.03,5.30,0.33,9.23,,,,,,
1884.04,5.06,0.32,9.04,,,,,,
1884.05,4.65,0.32,8.85,,,,,,
1884.06,4.46,0.32,8.85,,,,,,
1884.07,4.46,0.32,8.75,,,,,,
1884.08,4.74,0.32,8.75,,,,,,
1884.09,4.59,0.32,8.66,,,,,,
1884.1,4.44,0.31,8.56,,,,,,
1884.11,4.35,0.31,8.37,,,,,,
1884.12,4.34,0.31,8.28,,,,,,
1885.01,4.24,0.30,8.28,,,,,,
1885.02,4.37,0.30,8.37,,,,,,
1885.03,4.38,0.29,8.18,,,,,,
1885.04,4.37,0.29,8.28,,,,,,
1885.05,4.32,0.28,8.09,,,,,,
1885.06,4.30,0.28,7.90,,,,,,
1885.07,4.46,0.27,7.99,,,,,,
1885.08,4.71,0.26,7.99,,,,,,
1885.09,4.65,0.26,7.90,,,,,,
1885.1,4.92,0.25,7.90,,,,,,
1885.11,5.24,0.25,7.99,,,,,,
1885.12,5.20,0.24,8.18,,,,,,
1886.01,5.20,0.24,7.99,,,,,,
1886.02,5.30,0.24,7.99,,,,,,
1886.03,5.19,0.24,7.90,,,,,,
1886.04,5.12,0.23,7.80,,,,,,
1886.05,5.02,0.23,7.61,,,,,,
1886.06,5.25,0.23,7.52,,,,,,
1886.07,5.33,0.23,7.61,,,,,,
1886.08,5.37,0.23,7.71,,,,,,
1886.09,5.51,0.23,7.71,,,,,,
1886.1,5.65,0.22,7.71,,,,,,
1886.11,5.79,0.22,7.71,,,,,,
1886.12,5.64,0.22,7.80,,,,,,
1887.01,5.58,0.22,7.99,,,,,,
1887.02,5.54,0.23,8.09,,,,,,
1887.03,5.67,0.23,8.09,,,,,,
1887.04,5.80,0.23,8.09,,,,,,
1887.05,5.90,0.23,8.09,,,,,,
1887.06,5.73,0.24,7.99,,,,,,
1887.07,5.59,0.24,7.90,,,,,,
1887.08,5.45,0.24,7.99,,,,,,
1887.09,5.38,0.24,7.90,,,,,,
1887.1,5.20,0.25,7.99,,,,,,
1887.11,5.30,0.25,8.09,,,,,,
1887.12,5.27,0.25,8.28,,,,,,
1888.01,5.31,0.25,8.37,,,,,,
1888.02,5.28,0.25,8.28,,,,,,
1888.03,5.08,0.25,8.28,,,,,,
1888.04,5.10,0.24,8.18,,,,,,
1888.05,5.17,0.24,8.09,,,,,,
1888.06,5.01,0.24,7.99,,,,,,
1888.07,5.14,0.24,8.09,,,,,,
1888.08,5.25,0.24,8.09,,,,,,
1888.09,5.38,0.24,8.09,,,,,,
1888.1,5.35,0.23,8.18,,,,,,
1888.11,5.24,0.23,8.28,,,,,,
1888.12,5.14,0.23,8.28,,,,,,
1889.01,5.24,0.23,7.99,,,,,,
1889.02,5.30,0.23,7.90,,,,,,
1889.03,5.19,0.23,7.80,,,,,,
1889.04,5.18,0.23,7.80,,,,,,
1889.05,5.32,0.23,7.61,,,,,,
1889.06,5.41,0.23,7.61,,,,,,
1889.07,5.30,0.22,7.61,,,,,,
1889.08,5.37,0.22,7.61,,,,,,
1889.09,5.50,0.22,7.71,,,,,,
1889.1,5.40,0.22,7.71,,,,,,
1889.11,5.35,0.22,7.71,,,,,,
1889.12,5.32,0.22,7.80,,,,,,
1890.01,5.38,0.22,7.61,,,,,,
1890.02,5.32,0.22,7.61,,,,,,
1890.03,5.28,0.22,7.61,,,,,,
1890.04,5.39,0.22,7.61,,,,,,
1890.05,5.62,0.22,7.71,,,,,,
1890.06,5.58,0.22,7.71,,,,,,
1890.07,5.54,0.22,7.71,,,,,,
1890.08,5.41,0.22,7.99,,,,,,
1890.09,5.32,0.22,8.09,,,,,,
1890.1,5.08,0.22,8.09,,,,,,
1890.11,4.71,0.22,7.90,,,,,,
1890.12,4.60,0.22,7.90,,,,,,
1891.01,4.84,0.22,7.80,,,,,,
1891.02,4.90,0.22,7.90,,,,,,
1891.03,4.81,0.22,7.99,,,,,,
1891.04,4.97,0.22,8.09,,,,,,
1891.05,4.95,0.22,7.99,,,,,,
1891.06,4.85,0.22,7.80,,,,,,
1891.07,4.77,0.22,7.71,,,,,,
1891.08,4.93,0.22,7.71,,,,,,
1891.09,5.33,0.22,7.61,,,,,,
1891.1,5.33,0.22,7.61,,,,,,
1891.11,5.25,0.22,7.52,,,,,,
1891.12,5.41,0.22,7.52,,,,,,
1892.01,5.51,0.22,7.33,,,,,,
1892.02,5.52,0.22,7.33,,,,,,
1892.03,5.58,0.23,7.14,,,,,,
1892.04,5.57,0.23,7.04,,,,,,
1892.05,5.57,0.23,7.04,,,,,,
1892.06,5.54,0.23,7.04,,,,,,
1892.07,5.54,0.23,7.23,,,,,,
1892.08,5.62,0.23,7.33,,,,,,
1892.09,5.48,0.24,7.33,,,,,,
1892.1,5.59,0.24,7.33,,,,,,
1892.11,5.57,0.24,7.52,,,,,,
1892.12,5.51,0.24,7.61,,,,,,
1893.01,5.61,0.24,7.90,,,,,,
1893.02,5.51,0.24,7.99,,,,,,
1893.03,5.31,0.24,7.80,,,,,,
1893.04,5.31,0.24,7.71,,,,,,
1893.05,4.84,0.24,7.61,,,,,,
1893.06,4.61,0.25,7.42,,,,,,
1893.07,4.18,0.25,7.23,,,,,,
1893.08,4.08,0.25,6.95,,,,,,
1893.09,4.37,0.25,7.23,,,,,,
1893.1,4.50,0.25,7.33,,,,,,
1893.11,4.57,0.25,7.14,,,,,,
1893.12,4.41,0.25,7.04,,,,,,
1894.01,4.32,0.25,6.85,,,,,,
1894.02,4.38,0.24,6.76,,,,,,
1894.03,4.51,0.24,6.57,,,,,,
1894.04,4.57,0.24,6.57,,,,,,
1894.05,4.40,0.23,6.57,,,,,,
1894.06,4.34,0.23,6.57,,,,,,
1894.07,4.25,0.23,6.57,,,,,,
1894.08,4.41,0.22,6.76,,,,,,
1894.09,4.48,0.22,6.85,,,,,,
1894.1,4.34,0.22,6.66,,,,,,
1894.11,4.34,0.21,6.66,,,,,,
1894.12,4.30,0.21,6.57,,,,,,
1895.01,4.25,0.21,6.57,,,,,,
1895.02,4.19,0.21,6.57,,,,,,
1895.03,4.19,0.21,6.57,,,,,,
1895.04,4.37,0.20,6.85,,,,,,
1895.05,4.61,0.20,6.95,,,,,,
1895.06,4.70,0.20,7.04,,,,,,
1895.07,4.72,0.20,6.95,,,,,,
1895.08,4.79,0.20,6.85,,,,,,
1895.09,4.82,0.20,6.85,,,,,,
1895.1,4.75,0.19,6.85,,,,,,
1895.11,4.59,0.19,6.85,,,,,,
1895.12,4.32,0.19,6.76,,,,,,
1896.01,4.27,0.19,6.66,,,,,,
1896.02,4.45,0.19,6.57,,,,,,
1896.03,4.38,0.19,6.57,,,,,,
1896.04,4.42,0.19,6.47,,,,,,
1896.05,4.40,0.19,6.37,,,,,,
1896.06,4.32,0.19,6.28,,,,,,
1896.07,4.04,0.18,6.28,,,,,,
1896.08,3.81,0.18,6.28,,,,,,
1896.09,4.01,0.18,6.28,,,,,,
1896.1,4.10,0.18,6.47,,,,,,
1896.11,4.38,0.18,6.66,,,,,,
1896.12,4.22,0.18,6.66,,,,,,
1897.01,4.22,0.18,6.47,,,,,,
1897.02,4.18,0.18,6.47,,,,,,
1897.03,4.19,0.18,6.47,,,,,,
1897.04,4.06,0.18,6.37,,,,,,
1897.05,4.08,0.18,6.28,,,,,,
1897.06,4.27,0.18,6.28,,,,,,
1897.07,4.46,0.18,6.28,,,,,,
1897.08,4.75,0.18,6.57,,,,,,
1897.09,4.98,0.18,6.76,,,,,,
1897.1,4.82,0.18,6.66,,,,,,
1897.11,4.65,0.18,6.66,,,,,,
1897.12,4.75,0.18,6.66,,,,,,
1898.01,4.88,0.18,6.66,,,,,,
1898.02,4.87,0.18,6.76,,,,,,
1898.03,4.65,0.19,6.76,,,,,,
1898.04,4.57,0.19,6.76,,,,,,
1898.05,4.87,0.19,7.23,,,,,,
1898.06,5.06,0.19,6.76,,,,,,
1898.07,5.08,0.19,6.66,,,,,,
1898.08,5.27,0.19,6.66,,,,,,
1898.09,5.26,0.20,6.66,,,,,,
1898.1,5.15,0.20,6.66,,,,,,
1898.11,5.32,0.20,6.66,,,,,,
1898.12,5.65,0.20,6.76,,,,,,
1899.01,6.08,0.20,6.76,,,,,,
1899.02,6.31,0.20,6.95,,,,,,
1899.03,6.40,0.20,6.95,,,,,,
1899.04,6.48,0.20,7.04,,,,,,
1899.05,6.21,0.20,7.04,,,,,,
1899.06,6.07,0.21,7.14,,,,,,
1899.07,6.28,0.21,7.23,,,,,,
1899.08,6.44,0.21,7.33,,,,,,
1899.09,6.37,0.21,7.61,,,,,,
1899.1,6.34,0.21,7.71,,,,,,
1899.11,6.46,0.21,7.80,,,,,,
1899.12,6.02,0.21,7.90,,,,,,
1900.01,6.10,0.22,7.90,,,,,,
1900.02,6.21,0.23,7.99,,,,,,
1900.03,6.26,0.23,7.99,,,,,,
1900.04,6.34,0.24,7.99,,,,,,
1900.05,6.04,0.25,7.80,,,,,,
1900.06,5.86,0.26,7.71,,,,,,
1900.07,5.86,0.26,7.80,,,,,,
1900.08,5.94,0.27,7.71,,,,,,
1900.09,5.80,0.28,7.80,,,,,,
1900.1,6.01,0.29,7.71,,,,,,
1900.11,6.48,0.29,7.71,,,,,,
1900.12,6.87,0.30,7.61,,,,,,
1901.01,7.07,0.30,7.71,,,,,,
1901.02,7.25,0.30,7.61,,,,,,
1901.03,7.51,0.31,7.61,,,,,,
1901.04,8.14,0.31,7.52,,,,,,
1901.05,7.73,0.31,7.52,,,,,,
1901.06,8.50,0.31,7.52,,,,,,
1901.07,7.93,0.31,7.61,,,,,,
1901.08,8.04,0.31,7.71,,,,,,
1901.09,8.00,0.32,7.80,,,,,,
1901.1,7.91,0.32,7.80,,,,,,
1901.11,8.08,0.32,7.90,,,,,,
1901.12,7.95,0.32,7.99,,,,,,
1902.01,8.12,0.32,7.90,,,,,,
1902.02,8.19,0.32,7.90,,,,,,
1902.03,8.20,0.32,7.90,,,,,,
1902.04,8.48,0.32,7.99,,,,,,
1902.05,8.46,0.32,8.09,,,,,,
1902.06,8.41,0.33,8.18,,,,,,
1902.07,8.60,0.33,8.18,,,,,,
1902.08,8.83,0.33,8.09,,,,,,
1902.09,8.85,0.33,8.18,,,,,,
1902.1,8.57,0.33,8.75,,,,,,
1902.11,8.24,0.33,8.47,,,,,,
1902.12,8.05,0.33,8.56,,,,,,
1903.01,8.46,0.33,8.66,,,,,,
1903.02,8.41,0.33,8.66,,,,,,
1903.03,8.08,0.34,8.37,,,,,,
1903.04,7.75,0.34,8.37,,,,,,
1903.05,7.60,0.34,8.18,,,,,,
1903.06,7.18,0.34,8.18,,,,,,
1903.07,6.85,0.34,8.18,,,,,,
1903.08,6.63,0.34,8.18,,,,,,
1903.09,6.47,0.35,8.28,,,,,,
1903.1,6.26,0.35,8.18,,,,,,
1903.11,6.28,0.35,8.09,,,,,,
1903.12,6.57,0.35,8.09,,,,,,
1904.01,6.68,0.35,8.28,,,,,,
1904.02,6.50,0.34,8.47,,,,,,
1904.03,6.48,0.34,8.37,,,,,,
1904.04,6.64,0.34,8.28,,,,,,
1904.05,6.50,0.33,8.09,,,,,,
1904.06,6.51,0.33,8.09,,,,,,
1904.07,6.78,0.33,8.09,,,,,,
1904.08,7.01,0.32,8.18,,,,,,
1904.09,7.32,0.32,8.28,,,,,,
1904.1,7.75,0.32,8.28,,,,,,
1904.11,8.17,0.31,8.47,,,,,,
1904.12,8.25,0.31,8.47,,,,,,
1905.01,8.43,0.31,8.47,,,,,,
1905.02,8.80,0.31,8.47,,,,,,
1905.03,9.05,0.32,8.37,,,,,,
1905.04,8.94,0.32,8.37,,,,,,
1905.05,8.50,0.32,8.28,,,,,,
1905.06,8.60,0.32,8.28,,,,,,
1905.07,8.87,0.32,8.28,,,,,,
1905.08,9.20,0.32,8.37,,,,,,
1905.09,9.23,0.33,8.28,,,,,,
1905.1,9.36,0.33,8.28,,,,,,
1905.11,9.31,0.33,8.37,,,,,,
1905.12,9.54,0.33,8.47,,,,,,
1906.01,9.87,0.34,8.47,,,,,,
1906.02,9.80,0.34,8.47,,,,,,
1906.03,9.56,0.35,8.47,,,,,,
1906.04,9.43,0.35,8.47,,,,,,
1906.05,9.18,0.36,8.56,,,,,,
1906.06,9.30,0.37,8.56,,,,,,
1906.07,9.06,0.37,8.28,,,,,,
1906.08,9.73,0.38,8.47,,,,,,
1906.09,10.03,0.38,8.56,,,,,,
1906.1,9.73,0.39,8.75,,,,,,
1906.11,9.93,0.39,8.85,,,,,,
1906.12,9.84,0.40,8.94,,,,,,
1907.01,9.56,0.40,8.85,,,,,,
1907.02,9.26,0.41,9.04,,,,,,
1907.03,8.35,0.41,8.94,,,,,,
1907.04,8.39,0.41,8.94,,,,,,
1907.05,8.10,0.42,9.13,,,,,,
1907.06,7.84,0.42,9.23,,,,,,
1907.07,8.14,0.42,9.23,,,,,,
1907.08,7.53,0.43,9.23,,,,,,
1907.09,7.45,0.43,9.23,,,,,,
1907.1,6.64,0.43,9.32,,,,,,
1907.11,6.25,0.44,8.94,,,,,,
1907.12,6.57,0.44,8.75,,,,,,
1908.01,6.85,0.44,8.66,,,,,,
1908.02,6.60,0.43,8.56,,,,,,
1908.03,6.87,0.43,8.56,,,,,,
1908.04,7.24,0.43,8.66,,,,,,
1908.05,7.63,0.42,8.66,,,,,,
1908.06,7.64,0.42,8.66,,,,,,
1908.07,7.92,0.42,8.75,,,,,,
1908.08,8.26,0.41,8.75,,,,,,
1908.09,8.17,0.41,8.75,,,,,,
1908.1,8.27,0.41,8.85,,,,,,
1908.11,8.83,0.40,8.94,,,,,,
1908.12,9.03,0.40,9.04,,,,,,
1909.01,9.06,0.40,8.94,,,,,,
1909.02,8.80,0.41,9.04,,,,,,
1909.03,8.92,0.41,9.04,,,,,,
1909.04,9.32,0.41,9.23,,,,,,
1909.05,9.63,0.42,9.32,,,,,,
1909.06,9.80,0.42,9.42,,,,,,
1909.07,9.94,0.42,9.42,,,,,,
1909.08,10.18,0.43,9.51,,,,,,
1909.09,10.19,0.43,9.61,,,,,,
1909.1,10.23,0.43,9.80,,,,,,
1909.11,10.18,0.44,9.90,,,,,,
1909.12,10.30,0.44,9.99,,,,,,
1910.01,10.08,0.44,9.90,,,,,,
1910.02,9.72,0.45,9.90,,,,,,
1910.03,9.96,0.45,10.09,,,,,,
1910.04,9.72,0.45,10.18,,,,,,
1910.05,9.56,0.45,9.99,,,,,,
1910.06,9.10,0.46,9.90,,,,,,
1910.07,8.64,0.46,9.90,,,,,,
1910.08,8.85,0.46,9.80,,,,,,
1910.09,8.91,0.46,9.70,,,,,,
1910.1,9.32,0.47,9.42,,,,,,
1910.11,9.31,0.47,9.23,,,,,,
1910.12,9.05,0.47,9.23,,,,,,
1911.01,9.27,0.47,9.23,,,,,,
1911.02,9.43,0.47,8.94,,,,,,
1911.03,9.32,0.47,9.04,,,,,,
1911.04,9.28,0.47,8.75,,,,,,
1911.05,9.48,0.47,8.75,,,,,,
1911.06,9.67,0.47,8.75,,,,,,
1911.07,9.63,0.47,8.85,,,,,,
1911.08,9.17,0.47,9.13,,,,,,
1911.09,8.67,0.47,9.23,,,,,,
1911.1,8.72,0.47,9.23,,,,,,
1911.11,9.07,0.47,9.13,,,,,,
1911.12,9.11,0.47,9.04,,,,,,
1912.01,9.12,0.47,9.13,,,,,,
1912.02,9.04,0.47,9.23,,,,,,
1912.03,9.30,0.47,9.42,,,,,,
1912.04,9.59,0.47,9.70,,,,,,
1912.05,9.58,0.47,9.70,,,,,,
1912.06,9.58,0.48,9.61,,,,,,
1912.07,9.59,0.48,9.61,,,,,,
1912.08,9.81,0.48,9.70,,,,,,
1912.09,9.86,0.48,9.80,,,,,,
1912.1,9.84,0.48,9.80,,,,,,
1912.11,9.73,0.48,9.80,,,,,,
1912.12,9.38,0.48,9.70,,,,,,
1913.01,9.30,0.48,9.80,,,,,,
1913.02,8.97,0.48,9.80,,,,,,
1913.03,8.80,0.48,9.80,,,,,,
1913.04,8.79,0.48,9.80,,,,,,
1913.05,8.55,0.48,9.70,,,,,,
1913.06,8.12,0.48,9.80,,,,,,
1913.07,8.23,0.48,9.90,,,,,,
1913.08,8.45,0.48,9.90,,,,,,
1913.09,8.53,0.48,10.00,,,,,,
1913.1,8.26,0.48,10.00,,,,,,
1913.11,8.05,0.48,10.10,,,,,,
1913.12,8.04,0.48,10.00,,,,,,
1914.01,8.37,0.48,10.00,,,,,,
1914.02,8.48,0.47,9.90,,,,,,
1914.03,8.32,0.47,9.90,,,,,,
1914.04,8.12,0.46,9.80,,,,,,
1914.05,8.17,0.46,9.90,,,,,,
1914.06,8.13,0.45,9.90,,,,,,
1914.07,7.68,0.45,10.00,,,,,,
1914.08,7.68,0.44,10.20,,,,,,
1914.09,7.68,0.44,10.20,,,,,,
1914.1,7.68,0.43,10.10,,,,,,
1914.11,7.68,0.43,10.20,,,,,,
1914.12,7.35,0.42,10.10,,,,,,
1915.01,7.48,0.42,10.10,,,,,,
1915.02,7.38,0.42,10.00,,,,,,
1915.03,7.57,0.42,9.90,,,,,,
1915.04,8.14,0.42,10.00,,,,,,
1915.05,7.95,0.42,10.10,,,,,,
1915.06,8.04,0.43,10.10,,,,,,
1915.07,8.01,0.43,10.10,,,,,,
1915.08,8.35,0.43,10.10,,,,,,
1915.09,8.66,0.43,10.10,,,,,,
1915.1,9.14,0.43,10.20,,,,,,
1915.11,9.46,0.43,10.30,,,,,,
1915.12,9.48,0.43,10.30,,,,,,
1916.01,9.33,0.44,10.40,,,,,,
1916.02,9.20,0.45,10.40,,,,,,
1916.03,9.17,0.46,10.50,,,,,,
1916.04,9.07,0.47,10.60,,,,,,
1916.05,9.27,0.48,10.70,,,,,,
1916.06,9.36,0.50,10.80,,,,,,
1916.07,9.23,0.51,10.80,,,,,,
1916.08,9.30,0.52,10.90,,,,,,
1916.09,9.68,0.53,11.10,,,,,,
1916.1,9.98,0.54,11.30,,,,,,
1916.11,10.21,0.55,11.50,,,,,,
1916.12,9.80,0.56,11.60,,,,,,
1917.01,9.57,0.57,11.70,,,,,,
1917.02,9.03,0.58,12.00,,,,,,
1917.03,9.31,0.59,12.00,,,,,,
1917.04,9.17,0.60,12.60,,,,,,
1917.05,8.86,0.61,12.80,,,,,,
1917.06,9.04,0.63,13.00,,,,,,
1917.07,8.79,0.64,12.80,,,,,,
1917.08,8.53,0.65,13.00,,,,,,
1917.09,8.12,0.66,13.30,,,,,,
1917.1,7.68,0.67,13.50,,,,,,
1917.11,7.04,0.68,13.50,,,,,,
1917.12,6.80,0.69,13.70,,,,,,
1918.01,7.21,0.68,14.00,,,,,,
1918.02,7.43,0.67,14.10,,,,,,
1918.03,7.28,0.66,14.00,,,,,,
1918.04,7.21,0.65,14.20,,,,,,
1918.05,7.44,0.64,14.50,,,,,,
1918.06,7.45,0.63,14.70,,,,,,
1918.07,7.51,0.62,15.10,,,,,,
1918.08,7.58,0.61,15.40,,,,,,
1918.09,7.54,0.60,15.70,,,,,,
1918.1,7.86,0.59,16.00,,,,,,
1918.11,8.06,0.58,16.30,,,,,,
1918.12,7.90,0.57,16.50,,,,,,
1919.01,7.85,0.57,16.50,,,,,,
1919.02,7.88,0.56,16.20,,,,,,
1919.03,8.12,0.56,16.40,,,,,,
1919.04,8.39,0.56,16.70,,,,,,
1919.05,8.97,0.55,16.90,,,,,,
1919.06,9.21,0.55,16.90,,,,,,
1919.07,9.51,0.55,17.40,,,,,,
1919.08,8.87,0.54,17.70,,,,,,
1919.09,9.01,0.54,17.80,,,,,,
1919.1,9.47,0.54,18.10,,,,,,
1919.11,9.19,0.53,18.50,,,,,,
1919.12,8.92,0.53,18.90,,,,,,
1920.01,8.83,0.53,19.30,,,,,,
1920.02,8.10,0.53,19.50,,,,,,
1920.03,8.67,0.53,19.70,,,,,,
1920.04,8.60,0.52,20.30,,,,,,
1920.05,8.06,0.52,20.60,,,,,,
1920.06,7.92,0.52,20.90,,,,,,
1920.07,7.91,0.52,20.80,,,,,,
1920.08,7.60,0.52,20.30,,,,,,
1920.09,7.87,0.52,20.00,,,,,,
1920.1,7.88,0.51,19.90,,,,,,
1920.11,7.48,0.51,19.80,,,,,,
1920.12,6.81,0.51,19.40,,,,,,
1921.01,7.11,0.51,19.00,,,,,,
1921.02,7.06,0.50,18.40,,,,,,
1921.03,6.88,0.50,18.30,,,,,,
1921.04,6.91,0.49,18.10,,,,,,
1921.05,7.12,0.49,17.70,,,,,,
1921.06,6.55,0.49,17.60,,,,,,
1921.07,6.53,0.48,17.70,,,,,,
1921.08,6.45,0.48,17.70,,,,,,
1921.09,6.61,0.47,17.50,,,,,,
1921.1,6.70,0.47,17.50,,,,,,
1921.11,7.06,0.46,17.40,,,,,,
1921.12,7.31,0.46,17.30,,,,,,
1922.01,7.30,0.46,16.90,,,,,,
1922.02,7.46,0.47,16.90,,,,,,
1922.03,7.74,0.47,16.70,,,,,,
1922.04,8.21,0.48,16.70,,,,,,
1922.05,8.53,0.48,16.70,,,,,,
1922.06,8.45,0.49,16.70,,,,,,
1922.07,8.51,0.49,16.80,,,,,,
1922.08,8.83,0.49,16.60,,,,,,
1922.09,9.06,0.50,16.60,,,,,,
1922.1,9.26,0.50,16.70,,,,,,
1922.11,8.80,0.51,16.80,,,,,,
1922.12,8.78,0.51,16.90,,,,,,
1923.01,8.90,0.51,16.80,,,,,,
1923.02,9.28,0.51,16.80,,,,,,
1923.03,9.43,0.52,16.80,,,,,,
1923.04,9.10,0.52,16.90,,,,,,
1923.05,8.67,0.52,16.90,,,,,,
1923.06,8.34,0.52,17.00,,,,,,
1923.07,8.06,0.52,17.20,,,,,,
1923.08,8.10,0.52,17.10,,,,,,
1923.09,8.15,0.53,17.20,,,,,,
1923.1,8.03,0.53,17.30,,,,,,
1923.11,8.27,0.53,17.30,,,,,,
1923.12,8.55,0.53,17.30,,,,,,
1924.01,8.83,0.53,17.30,,,,,,
1924.02,8.87,0.53,17.20,,,,,,
1924.03,8.70,0.54,17.10,,,,,,
1924.04,8.50,0.54,17.00,,,,,,
1924.05,8.47,0.54,17.00,,,,,,
1924.06,8.63,0.54,17.00,,,,,,
1924.07,9.03,0.54,17.10,,,,,,
1924.08,9.34,0.54,17.00,,,,,,
1924.09,9.25,0.55,17.10,,,,,,
1924.1,9.13,0.55,17.20,,,,,,
1924.11,9.64,0.55,17.20,,,,,,
1924.12,10.16,0.55,17.30,,,,,,
1925.01,10.58,0.55,17.30,,,,,,
1925.02,10.67,0.56,17.20,,,,,,
1925.03,10.39,0.56,17.30,,,,,,
1925.04,10.28,0.57,17.20,,,,,,
1925.05,10.61,0.57,17.30,,,,,,
1925.06,10.80,0.58,17.50,,,,,,
1925.07,11.10,0.58,17.70,,,,,,
1925.08,11.25,0.58,17.70,,,,,,
1925.09,11.51,0.59,17.70,,,,,,
1925.1,11.89,0.59,17.70,,,,,,
1925.11,12.26,0.60,18.00,,,,,,
1925.12,12.46,0.60,17.90,,,,,,
1926.01,12.65,0.61,17.90,,,,,,
1926.02,12.67,0.62,17.90,,,,,,
1926.03,11.81,0.62,17.80,,,,,,
1926.04,11.48,0.63,17.90,,,,,,
1926.05,11.56,0.64,17.80,,,,,,
1926.06,12.11,0.65,17.70,,,,,,
1926.07,12.62,0.65,17.50,,,,,,
1926.08,13.12,0.66,17.40,,,,,,
1926.09,13.32,0.67,17.50,,,,,,
1926.1,13.02,0.68,17.60,,,,,,
1926.11,13.19,0.68,17.70,,,,,,
1926.12,13.49,0.69,17.70,,,,,,
1927.01,13.40,0.70,17.50,,,,,,
1927.02,13.66,0.70,17.40,,,,,,
1927.03,13.87,0.71,17.30,,,,,,
1927.04,14.21,0.72,17.30,,,,,,
1927.05,14.70,0.72,17.40,,,,,,
1927.06,14.89,0.73,17.60,,,,,,
1927.07,15.22,0.74,17.30,,,,,,
1927.08,16.03,0.74,17.20,,,,,,
1927.09,16.94,0.75,17.30,,,,,,
1927.1,16.68,0.76,17.40,,,,,,
1927.11,17.06,0.76,17.30,,,,,,
1927.12,17.46,0.77,17.30,,,,,,
1928.01,17.53,0.78,17.30,,,,,,
1928.02,17.32,0.78,17.10,,,,,,
1928.03,18.25,0.79,17.10,,,,,,
1928.04,19.40,0.80,17.10,,,,,,
1928.05,20.00,0.80,17.20,,,,,,
1928.06,19.02,0.81,17.10,,,,,,
1928.07,19.16,0.82,17.10,,,,,,
1928.08,19.78,0.82,17.10,,,,,,
1928.09,21.17,0.83,17.30,,,,,,
1928.1,21.60,0.84,17.20,,,,,,
1928.11,23.06,0.84,17.20,,,,,,
1928.12,23.15,0.85,17.10,,,,,,
1929.01,24.86,0.86,17.10,,,,,,
1929.02,24.99,0.87,17.10,,,,,,
1929.03,25.43,0.88,17.00,,,,,,
1929.04,25.28,0.89,16.90,,,,,,
1929.05,25.66,0.90,17.00,,,,,,
1929.06,26.15,0.91,17.10,,,,,,
1929.07,28.48,0.92,17.30,,,,,,
1929.08,30.10,0.93,17.30,,,,,,
1929.09,31.30,0.94,17.30,,,,,,
1929.1,27.99,0.95,17.30,,,,,,
1929.11,20.58,0.96,17.30,,,,,,
1929.12,21.40,0.97,17.20,,,,,,
1930.01,21.71,0.97,17.10,,,,,,
1930.02,23.07,0.97,17.00,,,,,,
1930.03,23.94,0.97,16.90,,,,,,
1930.04,25.46,0.97,17.00,,,,,,
1930.05,23.94,0.97,16.90,,,,,,
1930.06,21.52,0.98,16.80,,,,,,
1930.07,21.06,0.98,16.60,,,,,,
1930.08,20.79,0.98,16.50,,,,,,
1930.09,20.78,0.98,16.60,,,,,,
1930.1,17.92,0.98,16.50,,,,,,
1930.11,16.62,0.98,16.40,,,,,,
1930.12,15.51,0.98,16.10,,,,,,
1931.01,15.98,0.97,15.90,,,,,,
1931.02,17.20,0.95,15.70,,,,,,
1931.03,17.53,0.94,15.60,,,,,,
1931.04,15.86,0.93,15.50,,,,,,
1931.05,14.33,0.91,15.30,,,,,,
1931.06,13.87,0.90,15.10,,,,,,
1931.07,14.33,0.89,15.10,,,,,,
1931.08,13.90,0.87,15.10,,,,,,
1931.09,11.83,0.86,15.00,,,,,,
1931.1,10.25,0.85,14.90,,,,,,
1931.11,10.39,0.83,14.70,,,,,,
1931.12,8.44,0.82,14.60,,,,,,
1932.01,8.30,0.79,14.30,,,,,,
1932.02,8.23,0.77,14.10,,,,,,
1932.03,8.26,0.74,14.00,,,,,,
1932.04,6.28,0.71,13.90,,,,,,
1932.05,5.51,0.69,13.70,,,,,,
1932.06,4.77,0.66,13.60,,,,,,
1932.07,5.01,0.63,13.60,,,,,,
1932.08,7.53,0.61,13.50,,,,,,
1932.09,8.26,0.58,13.40,,,,,,
1932.1,7.12,0.55,13.30,,,,,,
1932.11,7.05,0.53,13.20,,,,,,
1932.12,6.82,0.50,13.10,,,,,,
1933.01,7.09,0.50,12.90,,,,,,
1933.02,6.25,0.49,12.70,,,,,,
1933.03,6.23,0.49,12.60,,,,,,
1933.04,6.89,0.48,12.60,,,,,,
1933.05,8.87,0.48,12.60,,,,,,
1933.06,10.39,0.47,12.70,,,,,,
1933.07,11.23,0.47,13.10,,,,,,
1933.08,10.67,0.46,13.20,,,,,,
1933.09,10.58,0.46,13.20,,,,,,
1933.1,9.55,0.45,13.20,,,,,,
1933.11,9.78,0.45,13.20,,,,,,
1933.12,9.97,0.44,13.20,,,,,,
1934.01,10.54,0.44,13.20,,,,,,
1934.02,11.32,0.44,13.30,,,,,,
1934.03,10.74,0.44,13.30,,,,,,
1934.04,10.92,0.44,13.30,,,,,,
1934.05,9.81,0.44,13.30,,,,,,
1934.06,9.94,0.45,13.40,,,,,,
1934.07,9.47,0.45,13.40,,,,,,
1934.08,9.10,0.45,13.40,,,,,,
1934.09,8.88,0.45,13.60,,,,,,
1934.1,8.95,0.45,13.50,,,,,,
1934.11,9.20,0.45,13.50,,,,,,
1934.12,9.26,0.45,13.40,,,,,,
1935.01,9.26,0.45,13.60,,,,,,
1935.02,8.98,0.45,13.70,,,,,,
1935.03,8.41,0.45,13.70,,,,,,
1935.04,9.04,0.45,13.80,,,,,,
1935.05,9.75,0.44,13.80,,,,,,
1935.06,10.12,0.44,13.70,,,,,,
1935.07,10.65,0.44,13.70,,,,,,
1935.08,11.37,0.44,13.70,,,,,,
1935.09,11.61,0.44,13.70,,,,,,
1935.1,11.92,0.45,13.70,,,,,,
1935.11,13.04,0.46,13.80,,,,,,
1935.12,13.04,0.47,13.80,,,,,,
1936.01,13.76,0.48,13.80,,,,,,
1936.02,14.55,0.49,13.80,,,,,,
1936.03,14.86,0.50,13.70,,,,,,
1936.04,14.88,0.52,13.70,,,,,,
1936.05,14.09,0.53,13.70,,,,,,
1936.06,14.69,0.55,13.80,,,,,,
1936.07,15.56,0.57,13.90,,,,,,
1936.08,15.87,0.59,14.00,,,,,,
1936.09,16.05,0.61,14.00,,,,,,
1936.1,16.89,0.65,14.00,,,,,,
1936.11,17.36,0.68,14.00,,,,,,
1936.12,17.06,0.72,14.00,,,,,,
1937.01,17.59,0.73,14.10,,,,,,
1937.02,18.11,0.74,14.10,,,,,,
1937.03,18.09,0.75,14.20,,,,,,
1937.04,17.01,0.78,14.30,,,,,,
1937.05,16.25,0.81,14.40,,,,,,
1937.06,15.64,0.84,14.40,,,,,,
1937.07,16.57,0.82,14.50,,,,,,
1937.08,16.74,0.79,14.50,,,,,,
1937.09,14.37,0.77,14.60,,,,,,
1937.1,12.28,0.78,14.60,,,,,,
1937.11,11.20,0.79,14.50,,,,,,
1937.12,11.02,0.80,14.40,,,,,,
1938.01,11.31,0.79,14.20,,,,,,
1938.02,11.04,0.79,14.10,,,,,,
1938.03,10.31,0.78,14.10,,,,,,
1938.04,9.89,0.77,14.20,,,,,,
1938.05,9.98,0.75,14.10,,,,,,
1938.06,10.21,0.74,14.10,,,,,,
1938.07,12.24,0.71,14.10,,,,,,
1938.08,12.31,0.69,14.10,,,,,,
1938.09,11.75,0.66,14.10,,,,,,
1938.1,13.06,0.61,14.00,,,,,,
1938.11,13.07,0.56,14.00,,,,,,
1938.12,12.69,0.51,14.00,,,,,,
1939.01,12.50,0.51,14.00,,,,,,
1939.02,12.40,0.52,13.90,,,,,,
1939.03,12.39,0.52,13.90,,,,,,
1939.04,10.83,0.52,13.80,,,,,,
1939.05,11.23,0.53,13.80,,,,,,
1939.06,11.43,0.53,13.80,,,,,,
1939.07,11.71,0.54,13.80,,,,,,
1939.08,11.54,0.55,13.80,,,,,,
1939.09,12.77,0.56,14.10,,,,,,
1939.1,12.90,0.58,14.00,,,,,,
1939.11,12.67,0.60,14.00,,,,,,
1939.12,12.37,0.62,14.00,,,,,,
1940.01,12.30,0.62,13.90,,,,,,
1940.02,12.22,0.63,14.00,,,,,,
1940.03,12.15,0.63,14.00,,,,,,
1940.04,12.27,0.64,14.00,,,,,,
1940.05,10.58,0.64,14.00,,,,,,
1940.06,9.67,0.65,14.10,,,,,,
1940.07,9.99,0.66,14.00,,,,,,
1940.08,10.20,0.66,14.00,,,,,,
1940.09,10.63,0.67,14.00,,,,,,
1940.1,10.73,0.67,14.00,,,,,,
1940.11,10.98,0.67,14.00,,,,,,
1940.12,10.53,0.67,14.10,,,,,,
1941.01,10.55,0.67,14.10,,,,,,
1941.02,9.89,0.68,14.10,,,,,,
1941.03,9.95,0.68,14.20,,,,,,
1941.04,9.64,0.68,14.30,,,,,,
1941.05,9.43,0.69,14.40,,,,,,
1941.06,9.76,0.69,14.70,,,,,,
1941.07,10.26,0.69,14.70,,,,,,
1941.08,10.21,0.70,14.90,,,,,,
1941.09,10.24,0.70,15.10,,,,,,
1941.1,9.83,0.70,15.30,,,,,,
1941.11,9.37,0.71,15.40,,,,,,
1941.12,8.76,0.71,15.50,,,,,,
1942.01,8.93,0.70,15.70,,,,,,
1942.02,8.65,0.70,15.80,,,,,,
1942.03,8.18,0.69,16.00,,,,,,
1942.04,7.84,0.68,16.10,,,,,,
1942.05,7.93,0.67,16.30,,,,,,
1942.06,8.33,0.66,16.30,,,,,,
1942.07,8.64,0.65,16.40,,,,,,
1942.08,8.59,0.63,16.50,,,,,,
1942.09,8.68,0.62,16.50,,,,,,
1942.1,9.32,0.61,16.70,,,,,,
1942.11,9.47,0.60,16.80,,,,,,
1942.12,9.52,0.59,16.90,,,,,,
1943.01,10.09,0.59,16.90,,,,,,
1943.02,10.69,0.59,16.90,,,,,,
1943.03,11.07,0.59,17.20,,,,,,
1943.04,11.44,0.59,17.40,,,,,,
1943.05,11.89,0.59,17.50,,,,,,
1943.06,12.10,0.59,17.50,,,,,,
1943.07,12.35,0.59,17.40,,,,,,
1943.08,11.74,0.60,17.30,,,,,,
1943.09,11.99,0.60,17.40,,,,,,
1943.1,11.88,0.60,17.40,,,,,,
1943.11,11.33,0.61,17.40,,,,,,
1943.12,11.48,0.61,17.40,,,,,,
1944.01,11.85,0.61,17.40,,,,,,
1944.02,11.77,0.62,17.40,,,,,,
1944.03,12.10,0.62,17.40,,,,,,
1944.04,11.89,0.62,17.50,,,,,,
1944.05,12.10,0.63,17.50,,,,,,
1944.06,12.67,0.63,17.60,,,,,,
1944.07,13.00,0.63,17.70,,,,,,
1944.08,12.81,0.64,17.70,,,,,,
1944.09,12.60,0.64,17.70,,,,,,
1944.1,12.91,0.64,17.70,,,,,,
1944.11,12.82,0.64,17.70,,,,,,
1944.12,13.10,0.64,17.80,,,,,,
1945.01,13.49,0.64,17.80,,,,,,
1945.02,13.94,0.65,17.80,,,,,,
1945.03,13.93,0.65,17.80,,,,,,
1945.04,14.28,0.65,17.80,,,,,,
1945.05,14.82,0.65,17.90,,,,,,
1945.06,15.09,0.65,18.10,,,,,,
1945.07,14.78,0.65,18.10,,,,,,
1945.08,14.83,0.66,18.10,,,,,,
1945.09,15.84,0.66,18.10,,,,,,
1945.1,16.50,0.66,18.10,,,,,,
1945.11,17.04,0.66,18.10,,,,,,
1945.12,17.33,0.66,18.20,,,,,,
1946.01,18.02,0.67,18.20,,,,,,
1946.02,18.07,0.67,18.10,,,,,,
1946.03,17.53,0.68,18.30,,,,,,
1946.04,18.66,0.68,18.40,,,,,,
1946.05,18.70,0.68,18.50,,,,,,
1946.06,18.58,0.68,18.70,,,,,,
1946.07,18.05,0.68,19.80,,,,,,
1946.08,17.70,0.69,20.20,,,,,,
1946.09,15.09,0.69,20.40,,,,,,
1946.1,14.75,0.70,20.80,,,,,,
1946.11,14.69,0.70,21.30,,,,,,
1946.12,15.13,0.71,21.50,,,,,,
1947.01,15.21,0.71,21.50,,,,,,
1947.02,15.80,0.72,21.50,,,,,,
1947.03,15.16,0.72,21.90,,,,,,
1947.04,14.60,0.73,21.90,,,,,,
1947.05,14.34,0.75,21.90,,,,,,
1947.06,14.84,0.76,22.00,,,,,,
1947.07,15.77,0.77,22.20,,,,,,
1947.08,15.46,0.78,22.50,,,,,,
1947.09,15.06,0.79,23.00,,,,,,
1947.1,15.45,0.81,23.00,,,,,,
1947.11,15.27,0.82,23.10,,,,,,
1947.12,15.03,0.84,23.40,,,,,,
1948.01,14.83,0.84,23.70,,,,,,
1948.02,14.10,0.85,23.50,,,,,,
1948.03,14.30,0.85,23.40,,,,,,
1948.04,15.40,0.85,23.80,,,,,,
1948.05,16.15,0.85,23.90,,,,,,
1948.06,16.82,0.85,24.10,,,,,,
1948.07,16.42,0.86,24.40,,,,,,
1948.08,15.94,0.86,24.50,,,,,,
1948.09,15.76,0.87,24.50,,,,,,
1948.1,16.19,0.89,24.40,,,,,,
1948.11,15.29,0.91,24.20,,,,,,
1948.12,15.19,0.93,24.10,,,,,,
1949.01,15.36,0.95,24.00,,,,,,
1949.02,14.77,0.96,23.80,,,,,,
1949.03,14.91,0.98,23.80,,,,,,
1949.04,14.89,0.99,23.90,,,,,,
1949.05,14.78,1.01,23.80,,,,,,
1949.06,13.97,1.02,23.90,,,,,,
1949.07,14.76,1.03,23.70,,,,,,
1949.08,15.29,1.03,23.80,,,,,,
1949.09,15.49,1.04,23.90,,,,,,
1949.1,15.89,1.07,23.70,,,,,,
1949.11,16.11,1.11,23.80,,,,,,
1949.12,16.54,1.14,23.60,,,,,,
1950.01,16.88,1.15,23.50,,,,,,
1950.02,17.21,1.16,23.50,,,,,,
1950.03,17.35,1.17,23.60,,,,,,
1950.04,17.84,1.18,23.60,,,,,,
1950.05,18.44,1.19,23.70,,,,,,
1950.06,18.74,1.20,23.80,,,,,,
1950.07,17.38,1.24,24.10,,,,,,
1950.08,18.43,1.29,24.30,,,,,,
1950.09,19.08,1.33,24.40,,,,,,
1950.1,19.87,1.38,24.60,,,,,,
1950.11,19.83,1.42,24.70,,,,,,
1950.12,19.75,1.47,25.00,,,,,,
1951.01,21.21,1.49,25.40,,,,,,
1951.02,22.00,1.50,25.70,,,,,,
1951.03,21.63,1.52,25.80,,,,,,
1951.04,21.92,1.53,25.80,,,,,,
1951.05,21.93,1.55,25.90,,,,,,
1951.06,21.55,1.56,25.90,,,,,,
1951.07,21.93,1.55,25.90,,,,,,
1951.08,22.89,1.53,25.90,,,,,,
1951.09,23.48,1.52,26.10,,,,,,
1951.1,23.36,1.48,26.20,,,,,,
1951.11,22.71,1.45,26.40,,,,,,
1951.12,23.41,1.41,26.50,,,,,,
1952.01,24.19,1.41,26.50,,,,,,
1952.02,23.75,1.42,26.30,,,,,,
1952.03,23.81,1.42,26.30,,,,,,
1952.04,23.74,1.43,26.40,,,,,,
1952.05,23.73,1.44,26.40,,,,,,
1952.06,24.38,1.45,26.50,,,,,,
1952.07,25.08,1.45,26.70,,,,,,
1952.08,25.18,1.45,26.70,,,,,,
1952.09,24.78,1.45,26.70,,,,,,
1952.1,24.26,1.44,26.70,,,,,,
1952.11,25.03,1.42,26.70,,,,,,
1952.12,26.04,1.41,26.70,,,,,,
1953.01,26.18,1.41,26.60,,,,,,
1953.02,25.86,1.41,26.50,,,,,,
1953.03,25.99,1.41,26.60,,,,,,
1953.04,24.71,1.41,26.60,,,,,,
1953.05,24.84,1.42,26.70,,,,,,
1953.06,23.95,1.42,26.80,,,,,,
1953.07,24.29,1.42,26.80,,,,,,
1953.08,24.39,1.42,26.90,,,,,,
1953.09,23.27,1.42,26.90,,,,,,
1953.1,23.97,1.43,27.00,,,,,,
1953.11,24.50,1.44,26.90,,,,,,
1953.12,24.83,1.45,26.90,,,,,,
1954.01,25.46,1.46,26.90,,,,,,
1954.02,26.02,1.46,26.90,,,,,,
1954.03,26.57,1.47,26.90,,,,,,
1954.04,27.63,1.46,26.80,,,,,,
1954.05,28.73,1.46,26.90,,,,,,
1954.06,28.96,1.45,26.90,,,,,,
1954.07,30.13,1.46,26.90,,,,,,
1954.08,30.73,1.46,26.90,,,,,,
1954.09,31.45,1.47,26.80,,,,,,
1954.1,32.18,1.49,26.80,,,,,,
1954.11,33.44,1.52,26.80,,,,,,
1954.12,34.97,1.54,26.70,,,,,,
1955.01,35.60,1.55,26.70,,,,,,
1955.02,36.79,1.55,26.70,,,,,,
1955.03,36.50,1.56,26.70,,,,,,
1955.04,37.76,1.56,26.70,,,,,,
1955.05,37.60,1.57,26.70,,,,,,
1955.06,39.78,1.57,26.70,,,,,,
1955.07,42.69,1.59,26.80,,,,,,
1955.08,42.43,1.60,26.80,,,,,,
1955.09,44.34,1.62,26.90,,,,,,
1955.1,42.11,1.63,26.90,,,,,,
1955.11,44.95,1.63,26.90,,,,,,
1955.12,45.37,1.64,26.80,,,,,,
1956.01,44.15,1.67,26.80,,,,,,
1956.02,44.43,1.70,26.80,,,,,,
1956.03,47.49,1.73,26.80,,,,,,
1956.04,48.05,1.75,26.90,,,,,,
1956.05,46.54,1.78,27.00,,,,,,
1956.06,46.27,1.80,27.20,,,,,,
1956.07,48.78,1.81,27.40,,,,,,
1956.08,48.49,1.83,27.30,,,,,,
1956.09,46.84,1.84,27.40,,,,,,
1956.1,46.24,1.81,27.50,,,,,,
1956.11,45.76,1.77,27.50,,,,,,
1956.12,46.44,1.74,27.60,,,,,,
1957.01,45.43,1.74,27.60,,,,,,
1957.02,43.47,1.73,27.70,,,,,,
1957.03,44.03,1.73,27.80,,,,,,
1957.04,45.05,1.73,27.90,,,,,,
1957.05,46.78,1.73,28.00,,,,,,
1957.06,47.55,1.73,28.10,,,,,,
1957.07,48.51,1.74,28.30,,,,,,
1957.08,45.84,1.75,28.30,,,,,,
1957.09,43.98,1.76,28.30,,,,,,
1957.1,41.24,1.77,28.30,,,,,,
1957.11,40.35,1.78,28.40,,,,,,
1957.12,40.33,1.79,28.40,,,,,,
1958.01,41.12,1.78,28.60,,,,,,
1958.02,41.26,1.78,28.60,,,,,,
1958.03,42.11,1.77,28.80,,,,,,
1958.04,42.34,1.76,28.90,,,,,,
1958.05,43.70,1.74,28.90,,,,,,
1958.06,44.75,1.73,28.90,,,,,,
1958.07,45.98,1.73,29.00,,,,,,
1958.08,47.70,1.73,28.90,,,,,,
1958.09,48.96,1.73,28.90,,,,,,
1958.1,50.95,1.74,28.90,,,,,,
1958.11,52.50,1.74,29.00,,,,,,
1958.12,53.49,1.75,28.90,,,,,,
1959.01,55.62,1.76,29.00,,,,,,
1959.02,54.77,1.76,28.90,,,,,,
1959.03,56.16,1.77,28.90,,,,,,
1959.04,57.10,1.78,29.00,,,,,,
1959.05,57.96,1.78,29.00,,,,,,
1959.06,57.46,1.79,29.10,,,,,,
1959.07,59.74,1.80,29.20,,,,,,
1959.08,59.40,1.80,29.20,,,,,,
1959.09,57.05,1.81,29.30,,,,,,
1959.1,57.00,1.82,29.40,,,,,,
1959.11,57.23,1.82,29.40,,,,,,
1959.12,59.06,1.83,29.40,,,,,,
1960.01,58.03,1.87,29.30,,,,,,
1960.02,55.78,1.90,29.40,,,,,,
1960.03,55.02,1.94,29.40,,,,,,
1960.04,55.73,1.94,29.50,,,,,,
1960.05,55.22,1.95,29.50,,,,,,
1960.06,57.26,1.95,29.60,,,,,,
1960.07,55.84,1.95,29.60,,,,,,
1960.08,56.51,1.95,29.60,,,,,,
1960.09,54.81,1.95,29.60,,,,,,
1960.1,53.73,1.95,29.80,,,,,,
1960.11,55.47,1.95,29.80,,,,,,
1960.12,56.80,1.95,29.80,,,,,,
1961.01,59.72,1.95,29.80,,,,,,
1961.02,62.17,1.94,29.80,,,,,,
1961.03,64.12,1.94,29.80,,,,,,
1961.04,65.83,1.94,29.80,,,,,,
1961.05,66.50,1.94,29.80,,,,,,
1961.06,65.62,1.94,29.80,,,,,,
1961.07,65.44,1.95,30.00,,,,,,
1961.08,67.79,1.95,29.90,,,,,,
1961.09,67.26,1.96,30.00,,,,,,
1961.1,68.00,1.98,30.00,,,,,,
1961.11,71.08,2.00,30.00,,,,,,
1961.12,71.74,2.02,30.00,,,,,,
1962.01,69.07,2.03,30.00,,,,,,
1962.02,70.22,2.03,30.10,,,,,,
1962.03,70.29,2.04,30.10,,,,,,
1962.04,68.05,2.05,30.20,,,,,,
1962.05,62.99,2.05,30.20,,,,,,
1962.06,55.63,2.06,30.20,,,,,,
1962.07,56.97,2.07,30.30,,,,,,
1962.08,58.52,2.07,30.30,,,,,,
1962.09,58.00,2.08,30.40,,,,,,
1962.1,56.17,2.10,30.40,,,,,,
1962.11,60.04,2.11,30.40,,,,,,
1962.12,62.64,2.13,30.40,,,,,,
1963.01,65.06,2.14,30.40,,,,,,
1963.02,65.92,2.14,30.40,,,,,,
1963.03,65.67,2.15,30.50,,,,,,
1963.04,68.76,2.17,30.50,,,,,,
1963.05,70.14,2.18,30.50,,,,,,
1963.06,70.11,2.20,30.60,,,,,,
1963.07,69.07,2.20,30.70,,,,,,
1963.08,70.98,2.21,30.70,,,,,,
1963.09,72.85,2.21,30.70,,,,,,
1963.1,73.03,2.23,30.80,,,,,,
1963.11,72.62,2.26,30.80,,,,,,
1963.12,74.17,2.28,30.90,,,,,,
1964.01,76.45,2.30,30.90,,,,,,
1964.02,77.39,2.31,30.90,,,,,,
1964.03,78.80,2.33,30.90,,,,,,
1964.04,79.94,2.35,30.90,,,,,,
1964.05,80.72,2.36,30.90,,,,,,
1964.06,80.24,2.38,31.00,,,,,,
1964.07,83.22,2.40,31.10,,,,,,
1964.08,82.00,2.42,31.00,,,,,,
1964.09,83.41,2.44,31.10,,,,,,
1964.1,84.85,2.46,31.10,,,,,,
1964.11,85.44,2.48,31.20,,,,,,
1964.12,83.96,2.50,31.20,,,,,,
1965.01,86.12,2.52,31.20,,,,,,
1965.02,86.75,2.53,31.20,,,,,,
1965.03,86.83,2.55,31.30,,,,,,
1965.04,87.97,2.57,31.40,,,,,,
1965.05,89.28,2.59,31.40,,,,,,
1965.06,85.04,2.61,31.60,,,,,,
1965.07,84.91,2.63,31.60,,,,,,
1965.08,86.49,2.64,31.60,,,,,,
1965.09,89.38,2.66,31.60,,,,,,
1965.1,91.39,2.68,31.70,,,,,,
1965.11,92.15,2.70,31.70,,,,,,
1965.12,91.73,2.72,31.80,,,,,,
1966.01,93.32,2.74,31.80,,,,,,
1966.02,92.69,2.76,32.00,,,,,,
1966.03,88.88,2.78,32.10,,,,,,
1966.04,91.60,2.80,32.30,,,,,,
1966.05,86.78,2.81,32.30,,,,,,
1966.06,86.06,2.83,32.40,,,,,,
1966.07,85.84,2.85,32.50,,,,,,
1966.08,80.65,2.87,32.70,,,,,,
1966.09,77.81,2.89,32.70,,,,,,
1966.1,77.13,2.88,32.90,,,,,,
1966.11,80.99,2.88,32.90,,,,,,
1966.12,81.33,2.87,32.90,,,,,,
1967.01,84.45,2.88,32.90,,,,,,
1967.02,87.36,2.89,32.90,,,,,,
1967.03,89.42,2.90,33.00,,,,,,
1967.04,90.96,2.90,33.10,,,,,,
1967.05,92.59,2.90,33.20,,,,,,
1967.06,91.43,2.90,33.30,,,,,,
1967.07,93.01,2.91,33.40,,,,,,
1967.08,94.49,2.91,33.50,,,,,,
1967.09,95.81,2.92,33.60,,,,,,
1967.1,95.66,2.92,33.70,,,,,,
1967.11,92.66,2.92,33.80,,,,,,
1967.12,95.30,2.92,33.90,,,,,,
1968.01,95.04,2.93,34.10,,,,,,
1968.02,90.75,2.94,34.20,,,,,,
1968.03,89.09,2.95,34.30,,,,,,
1968.04,95.67,2.96,34.40,,,,,,
1968.05,97.87,2.98,34.50,,,,,,
1968.06,100.50,2.99,34.70,,,,,,
1968.07,100.30,3.00,34.90,,,,,,
1968.08,98.11,3.02,35.00,,,,,,
1968.09,101.30,3.03,35.10,,,,,,
1968.1,103.80,3.04,35.30,,,,,,
1968.11,105.40,3.06,35.40,,,,,,
1968.12,106.50,3.07,35.50,,,,,,
1969.01,102.00,3.08,35.60,,,,,,
1969.02,101.50,3.09,35.80,,,,,,
1969.03,99.30,3.10,36.10,,,,,,
1969.04,101.30,3.11,36.30,,,,,,
1969.05,104.60,3.12,36.40,,,,,,
1969.06,99.14,3.13,36.60,,,,,,
1969.07,94.71,3.14,36.80,,,,,,
1969.08,94.18,3.14,37.00,,,,,,
1969.09,94.51,3.15,37.10,,,,,,
1969.1,95.52,3.15,37.30,,,,,,
1969.11,96.21,3.16,37.50,,,,,,
1969.12,91.11,3.16,37.70,,,,,,
1970.01,90.31,3.16,37.80,,,,,,
1970.02,87.16,3.17,38.00,,,,,,
1970.03,88.65,3.17,38.20,,,,,,
1970.04,85.95,3.17,38.50,,,,,,
1970.05,76.06,3.18,38.60,,,,,,
1970.06,75.59,3.18,38.80,,,,,,
1970.07,75.72,3.18,39.00,,,,,,
1970.08,77.92,3.19,39.00,,,,,,
1970.09,82.58,3.19,39.20,,,,,,
1970.1,84.37,3.17,39.40,,,,,,
1970.11,84.28,3.16,39.60,,,,,,
1970.12,90.05,3.14,39.80,,,,,,
1971.01,93.49,3.13,39.80,,,,,,
1971.02,97.11,3.12,39.90,,,,,,
1971.03,99.60,3.11,40.00,,,,,,
1971.04,103.00,3.11,40.10,,,,,,
1971.05,101.60,3.10,40.30,,,,,,
1971.06,99.72,3.10,40.60,,,,,,
1971.07,99.00,3.10,40.70,,,,,,
1971.08,97.24,3.09,40.80,,,,,,
1971.09,99.40,3.09,40.80,,,,,,
1971.1,97.29,3.08,40.90,,,,,,
1971.11,92.78,3.08,40.90,,,,,,
1971.12,99.17,3.07,41.10,,,,,,
1972.01,103.30,3.07,41.10,,,,,,
1972.02,105.20,3.07,41.30,,,,,,
1972.03,107.70,3.07,41.40,,,,,,
1972.04,108.80,3.07,41.50,,,,,,
1972.05,107.70,3.07,41.60,,,,,,
1972.06,108.00,3.07,41.70,,,,,,
1972.07,107.20,3.07,41.90,,,,,,
1972.08,111.00,3.08,42.00,,,,,,
1972.09,109.40,3.08,42.10,,,,,,
1972.1,109.60,3.10,42.30,,,,,,
1972.11,115.10,3.13,42.40,,,,,,
1972.12,117.50,3.15,42.50,,,,,,
1973.01,118.40,3.16,42.60,,,,,,
1973.02,114.20,3.16,42.90,,,,,,
1973.03,112.40,3.17,43.30,,,,,,
1973.04,110.30,3.19,43.60,,,,,,
1973.05,107.20,3.20,43.90,,,,,,
1973.06,104.80,3.22,44.20,,,,,,
1973.07,105.80,3.24,44.30,,,,,,
1973.08,103.80,3.25,45.10,,,,,,
1973.09,105.60,3.27,45.20,,,,,,
1973.1,109.80,3.31,45.60,,,,,,
1973.11,102.00,3.34,45.90,,,,,,
1973.12,94.78,3.38,46.20,,,,,,
1974.01,96.11,3.40,46.60,,,,,,
1974.02,93.45,3.42,47.20,,,,,,
1974.03,97.44,3.44,47.80,,,,,,
1974.04,92.46,3.46,48.00,,,,,,
1974.05,89.67,3.48,48.60,,,,,,
1974.06,89.79,3.50,49.00,,,,,,
1974.07,79.31,3.53,49.40,,,,,,
1974.08,76.03,3.56,50.00,,,,,,
1974.09,68.12,3.59,50.60,,,,,,
1974.1,69.44,3.59,51.10,,,,,,
1974.11,71.74,3.60,51.50,,,,,,
1974.12,67.07,3.60,51.90,,,,,,
1975.01,72.56,3.62,52.10,,,,,,
1975.02,80.10,3.65,52.50,,,,,,
1975.03,83.78,3.67,52.70,,,,,,
1975.04,84.72,3.68,52.90,,,,,,
1975.05,90.10,3.70,53.20,,,,,,
1975.06,92.40,3.71,53.60,,,,,,
1975.07,92.49,3.71,54.20,,,,,,
1975.08,85.71,3.71,54.30,,,,,,
1975.09,84.67,3.71,54.60,,,,,,
1975.1,88.57,3.70,54.90,,,,,,
1975.11,90.07,3.69,55.30,,,,,,
1975.12,88.70,3.68,55.50,,,,,,
1976.01,96.86,3.68,55.60,,,,,,
1976.02,100.60,3.69,55.80,,,,,,
1976.03,101.10,3.69,55.90,,,,,,
1976.04,101.90,3.71,56.10,,,,,,
1976.05,101.20,3.74,56.50,,,,,,
1976.06,101.80,3.76,56.80,,,,,,
1976.07,104.20,3.79,57.10,,,,,,
1976.08,103.30,3.82,57.40,,,,,,
1976.09,105.50,3.85,57.60,,,,,,
1976.1,101.90,3.92,57.90,,,,,,
1976.11,101.20,3.98,58.00,,,,,,
1976.12,104.70,4.05,58.20,,,,,,
1977.01,103.80,4.10,58.50,,,,,,
1977.02,101.00,4.14,59.10,,,,,,
1977.03,100.60,4.19,59.50,,,,,,
1977.04,99.05,4.25,60.00,,,,,,
1977.05,98.76,4.30,60.30,,,,,,
1977.06,99.29,4.36,60.70,,,,,,
1977.07,100.20,4.41,61.00,,,,,,
1977.08,97.75,4.45,61.20,,,,,,
1977.09,96.23,4.50,61.40,,,,,,
1977.1,93.74,4.56,61.60,,,,,,
1977.11,94.28,4.61,61.90,,,,,,
1977.12,93.82,4.67,62.10,,,,,,
1978.01,90.25,4.71,62.50,,,,,,
1978.02,88.98,4.76,62.90,,,,,,
1978.03,88.82,4.80,63.40,,,,,,
1978.04,92.71,4.84,63.90,,,,,,
1978.05,97.41,4.87,64.50,,,,,,
1978.06,97.66,4.91,65.20,,,,,,
1978.07,97.19,4.95,65.70,,,,,,
1978.08,103.90,4.98,66.00,,,,,,
1978.09,103.90,5.02,66.50,,,,,,
1978.1,100.60,5.04,67.10,,,,,,
1978.11,94.71,5.05,67.40,,,,,,
1978.12,96.11,5.07,67.70,,,,,,
1979.01,99.71,5.11,68.30,,,,,,
1979.02,98.23,5.16,69.10,,,,,,
1979.03,100.10,5.20,69.80,,,,,,
1979.04,102.10,5.25,70.60,,,,,,
1979.05,99.73,5.29,71.50,,,,,,
1979.06,101.70,5.34,72.30,,,,,,
1979.07,102.70,5.40,73.10,,,,,,
1979.08,107.40,5.45,73.80,,,,,,
1979.09,108.60,5.51,74.60,,,,,,
1979.1,104.50,5.56,75.20,,,,,,
1979.11,103.70,5.60,75.90,,,,,,
1979.12,107.80,5.65,76.70,,,,,,
1980.01,110.90,5.70,77.80,,,,,,
1980.02,115.30,5.75,78.90,,,,,,
1980.03,104.70,5.80,80.10,,,,,,
1980.04,103.00,5.85,81.00,,,,,,
1980.05,107.70,5.89,81.80,,,,,,
1980.06,114.60,5.94,82.70,,,,,,
1980.07,119.80,5.98,82.70,,,,,,
1980.08,123.50,6.03,83.30,,,,,,
1980.09,126.50,6.07,84.00,,,,,,
1980.1,130.20,6.10,84.80,,,,,,
1980.11,135.70,6.13,85.50,,,,,,
1980.12,133.50,6.16,86.30,,,,,,
1981.01,133.00,6.20,87.00,,,,,,
1981.02,128.40,6.24,87.90,,,,,,
1981.03,133.20,6.28,88.50,,,,,,
1981.04,134.40,6.32,89.10,,,,,,
1981.05,131.70,6.35,89.80,,,,,,
1981.06,132.30,6.39,90.60,,,,,,
1981.07,129.10,6.43,91.60,,,,,,
1981.08,129.60,6.48,92.30,,,,,,
1981.09,118.30,6.52,93.20,,,,,,
1981.1,119.80,6.56,93.40,,,,,,
1981.11,122.90,6.59,93.70,,,,,,
1981.12,123.80,6.63,94.00,,,,,,
1982.01,117.30,6.66,94.30,,,,,,
1982.02,114.50,6.69,94.60,,,,,,
1982.03,110.80,6.72,94.50,,,,,,
1982.04,116.30,6.75,94.90,,,,,,
1982.05,116.40,6.78,95.80,,,,,,
1982.06,109.70,6.81,97.00,,,,,,
1982.07,109.40,6.82,97.50,,,,,,
1982.08,109.70,6.84,97.70,,,,,,
1982.09,122.40,6.85,97.90,,,,,,
1982.1,132.70,6.86,98.20,,,,,,
1982.11,138.10,6.86,98.00,,,,,,
1982.12,139.40,6.87,97.60,,,,,,
1983.01,144.30,6.88,97.80,,,,,,
1983.02,146.80,6.90,97.90,,,,,,
1983.03,151.90,6.91,97.90,,,,,,
1983.04,157.70,6.92,98.60,,,,,,
1983.05,164.10,6.93,99.20,,,,,,
1983.06,166.40,6.94,99.50,,,,,,
1983.07,167.00,6.96,99.90,,,,,,
1983.08,162.40,6.98,100.20,,,,,,
1983.09,167.20,7.00,100.70,,,,,,
1983.1,167.70,7.03,101.00,,,,,,
1983.11,165.20,7.06,101.20,,,,,,
1983.12,164.40,7.09,101.30,,,,,,
1984.01,166.40,7.12,101.90,,,,,,
1984.02,157.30,7.15,102.40,,,,,,
1984.03,157.40,7.18,102.60,,,,,,
1984.04,157.60,7.22,103.10,,,,,,
1984.05,156.60,7.27,103.40,,,,,,
1984.06,153.10,7.31,103.70,,,,,,
1984.07,151.10,7.33,104.10,,,,,,
1984.08,164.40,7.36,104.50,,,,,,
1984.09,166.10,7.38,105.00,,,,,,
1984.1,164.80,7.43,105.30,,,,,,
1984.11,166.30,7.48,105.30,,,,,,
1984.12,164.50,7.53,105.30,,,,,,
1985.01,171.60,7.57,105.50,,,,,,
1985.02,180.90,7.62,106.00,,,,,,
1985.03,179.40,7.66,106.40,,,,,,
1985.04,180.60,7.69,106.90,,,,,,
1985.05,184.90,7.71,107.30,,,,,,
1985.06,188.90,7.74,107.60,,,,,,
1985.07,192.50,7.77,107.80,,,,,,
1985.08,188.30,7.81,108.00,,,,,,
1985.09,184.10,7.84,108.30,,,,,,
1985.1,186.20,7.86,108.70,,,,,,
1985.11,197.50,7.88,109.00,,,,,,
1985.12,207.30,7.90,109.30,,,,,,
1986.01,208.20,7.94,109.60,,,,,,
1986.02,219.40,7.98,109.30,,,,,,
1986.03,232.30,8.02,108.80,,,,,,
1986.04,238.00,8.05,108.60,,,,,,
1986.05,238.50,8.07,108.90,,,,,,
1986.06,245.30,8.10,109.50,,,,,,
1986.07,240.20,8.14,109.50,,,,,,
1986.08,245.00,8.19,109.70,,,,,,
1986.09,238.30,8.23,110.20,,,,,,
1986.1,237.40,8.25,110.30,,,,,,
1986.11,245.10,8.26,110.40,,,,,,
1986.12,248.60,8.28,110.50,,,,,,
1987.01,264.50,8.30,111.20,,,,,,
1987.02,280.90,8.32,111.60,,,,,,
1987.03,292.50,8.34,112.10,,,,,,
1987.04,289.30,8.40,112.70,,,,,,
1987.05,289.10,8.46,113.10,,,,,,
1987.06,301.40,8.52,113.50,,,,,,
1987.07,310.10,8.57,113.80,,,,,,
1987.08,329.40,8.61,114.40,,,,,,
1987.09,318.70,8.66,115.00,,,,,,
1987.1,280.20,8.71,115.30,,,,,,
1987.11,245.00,8.76,115.40,,,,,,
1987.12,241.00,8.81,115.40,,,,,,
1988.01,250.50,8.86,115.70,,,,,,
1988.02,258.10,8.90,116.00,,,,,,
1988.03,265.70,8.95,116.50,,,,,,
1988.04,262.60,9.04,117.10,,,,,,
1988.05,256.10,9.14,117.50,,,,,,
1988.06,270.70,9.23,118.00,,,,,,
1988.07,269.10,9.31,118.50,,,,,,
1988.08,263.70,9.38,119.00,,,,,,
1988.09,268.00,9.46,119.80,,,,,,
1988.1,277.40,9.55,120.20,,,,,,
1988.11,271.00,9.64,120.30,,,,,,
1988.12,276.50,9.75,120.50,,,,,,
1989.01,285.40,9.81,121.10,,,,,,
1989.02,294.00,9.90,121.60,,,,,,
1989.03,292.70,10.01,122.30,,,,,,
1989.04,302.30,10.09,123.10,,,,,,
1989.05,313.90,10.19,123.80,,,,,,
1989.06,323.70,10.37,124.10,,,,,,
1989.07,331.90,10.42,124.40,,,,,,
1989.08,346.60,10.55,124.60,,,,,,
1989.09,347.30,10.73,125.00,,,,,,
1989.1,347.40,10.80,125.60,,,,,,
1989.11,340.20,10.92,125.90,,,,,,
1989.12,348.60,11.06,126.10,,,,,,
1990.01,339.97,11.14,127.40,,,,,,
1990.02,330.45,11.23,128.00,,,,,,
1990.03,338.46,11.32,128.70,,,,,,
1990.04,338.18,11.44,128.90,,,,,,
1990.05,350.25,11.55,129.20,,,,,,
1990.06,360.39,11.66,129.90,,,,,,
1990.07,360.03,11.73,130.40,,,,,,
1990.08,330.75,11.78,131.60,,,,,,
1990.09,315.41,11.83,132.70,,,,,,
1990.1,307.12,11.93,133.50,,,,,,
1990.11,315.29,12.01,133.80,,,,,,
1990.12,328.75,12.09,133.80,,,,,,
1991.01,325.49,12.11,134.60,,,,,,
1991.02,362.26,12.11,134.80,,,,,,
1991.03,372.28,12.11,135.00,,,,,,
1991.04,379.68,12.13,135.20,,,,,,
1991.05,377.99,12.14,135.60,,,,,,
1991.06,378.29,12.15,136.00,,,,,,
1991.07,380.23,12.19,136.20,,,,,,
1991.08,389.40,12.24,136.60,,,,,,
1991.09,387.20,12.28,137.20,,,,,,
1991.1,386.88,12.25,137.40,,,,,,
1991.11,385.92,12.23,137.80,,,,,,
1991.12,388.51,12.20,137.90,,,,,,
1992.01,416.08,12.24,138.10,,,,,,
1992.02,412.56,12.28,138.60,,,,,,
1992.03,407.36,12.32,139.30,,,,,,
1992.04,407.41,12.32,139.50,,,,,,
1992.05,414.81,12.32,139.70,,,,,,
1992.06,408.27,12.32,140.20,,,,,,
1992.07,415.05,12.34,140.50,,,,,,
1992.08,417.93,12.37,140.90,,,,,,
1992.09,418.48,12.40,141.30,,,,,,
1992.1,412.50,12.39,141.80,,,,,,
1992.11,422.84,12.38,142.00,,,,,,
1992.12,435.64,12.39,141.90,,,,,,
1993.01,435.23,12.41,142.60,,,,,,
1993.02,441.70,12.45,143.10,,,,,,
1993.03,450.16,12.48,143.60,,,,,,
1993.04,443.08,12.49,144.00,,,,,,
1993.05,445.25,12.51,144.20,,,,,,
1993.06,448.06,12.52,144.40,,,,,,
1993.07,447.29,12.52,144.40,,,,,,
1993.08,454.13,12.52,144.80,,,,,,
1993.09,459.24,12.52,145.10,,,,,,
1993.1,463.90,12.54,145.70,,,,,,
1993.11,462.89,12.56,145.80,,,,,,
1993.12,465.95,12.58,145.80,,,,,,
1994.01,472.99,12.62,146.20,,,,,,
1994.02,471.58,12.67,146.70,,,,,,
1994.03,463.81,12.71,147.20,,,,,,
1994.04,447.23,12.75,147.40,,,,,,
1994.05,450.90,12.80,147.50,,,,,,
1994.06,454.83,12.84,148.00,,,,,,
1994.07,451.40,12.87,148.40,,,,,,
1994.08,464.24,12.90,149.00,,,,,,
1994.09,466.96,12.92,149.40,,,,,,
1994.1,463.81,13.01,149.50,,,,,,
1994.11,461.01,13.10,149.70,,,,,,
1994.12,455.19,13.17,149.70,,,,,,
1995.01,465.25,13.18,150.30,,,,,,
1995.02,481.92,13.18,150.90,,,,,,
1995.03,493.15,13.17,151.40,,,,,,
1995.04,507.91,13.24,151.90,,,,,,
1995.05,523.81,13.31,152.20,,,,,,
1995.06,539.35,13.36,152.50,,,,,,
1995.07,557.37,13.44,152.50,,,,,,
1995.08,559.11,13.51,152.90,,,,,,
1995.09,578.77,13.58,153.20,,,,,,
1995.1,582.92,13.65,153.70,,,,,,
1995.11,595.53,13.72,153.60,,,,,,
1995.12,614.57,13.79,153.50,,,,,,
1996.01,614.42,13.89,154.40,,,,,,
1996.02,649.54,14.00,154.90,,,,,,
1996.03,647.07,14.10,155.70,,,,,,
1996.04,647.17,14.16,156.30,,,,,,
1996.05,661.23,14.21,156.60,,,,,,
1996.06,668.50,14.27,156.70,,,,,,
1996.07,644.07,14.40,157.00,,,,,,
1996.08,662.68,14.53,157.30,,,,,,
1996.09,674.88,14.66,157.80,,,,,,
1996.1,701.46,14.74,158.30,,,,,,
1996.11,735.67,14.82,158.60,,,,,,
1996.12,743.25,14.90,158.60,,,,,,
1997.01,766.22,14.95,159.10,,,,,,
1997.02,798.39,15.01,159.60,,,,,,
1997.03,792.16,15.06,160.00,,,,,,
1997.04,763.93,15.09,160.20,,,,,,
1997.05,833.09,15.13,160.10,,,,,,
1997.06,876.29,15.16,160.30,,,,,,
1997.07,925.29,15.22,160.50,,,,,,
1997.08,927.24,15.27,160.80,,,,,,
1997.09,937.02,15.33,161.20,,,,,,
1997.1,951.16,15.39,161.60,,,,,,
1997.11,938.92,15.44,161.50,,,,,,
1997.12,962.37,15.50,161.30,,,,,,
1998.01,963.36,15.55,161.60,,,,,,
1998.02,1023.74,15.60,161.90,,,,,,
1998.03,1076.83,15.64,162.20,,,,,,
1998.04,1112.20,15.75,162.50,,,,,,
1998.05,1108.42,15.85,162.80,,,,,,
1998.06,1108.39,15.95,163.00,,,,,,
1998.07,1156.58,16.02,163.20,,,,,,
1998.08,1074.62,16.08,163.40,,,,,,
1998.09,1020.64,16.14,163.60,,,,,,
1998.1,1032.47,16.17,164.00,,,,,,
1998.11,1144.43,16.18,164.00,,,,,,
1998.12,1190.05,16.20,163.90,,,,,,
1999.01,1248.77,16.28,164.30,,,,,,
1999.02,1246.58,16.37,164.50,,,,,,
1999.03,1281.66,16.45,165.00,,,,,,
1999.04,1334.76,16.45,166.20,,,,,,
1999.05,1332.07,16.45,166.20,,,,,,
1999.06,1322.55,16.45,166.20,,,,,,
1999.07,1380.99,16.51,166.70,,,,,,
1999.08,1327.49,16.58,167.10,,,,,,
1999.09,1318.17,16.64,167.90,,,,,,
1999.1,1300.01,16.66,168.20,,,,,,
1999.11,1391.00,16.67,168.30,,,,,,
1999.12,1428.68,16.69,168.30,,,,,,
2000.01,1425.59,16.71,168.80,,,,,,
2000.02,1388.87,16.74,169.80,,,,,,
2000.03,1442.21,16.76,171.20,,,,,,
2000.04,1461.36,16.74,171.30,,,,,,
2000.05,1418.48,16.72,171.50,,,,,,
2000.06,1461.96,16.70,172.40,,,,,,
2000.07,1473.00,16.58,172.80,,,,,,
2000.08,1485.46,16.47,172.80,,,,,,
2000.09,1468.05,16.35,173.70,,,,,,
2000.1,1390.14,16.32,174.00,,,,,,
2000.11,1378.04,16.30,174.10,,,,,,
2000.12,1330.93,16.27,174.00,,,,,,
2001.01,1335.63,16.17,175.10,,,,,,
2001.02,1305.75,16.07,175.80,,,,,,
2001.03,1185.85,15.97,176.20,,,,,,
2001.04,1189.84,15.88,176.90,,,,,,
2001.05,1270.37,15.78,177.70,,,,,,
2001.06,1238.71,15.69,178.00,,,,,,
2001.07,1204.45,15.71,177.50,,,,,,
2001.08,1178.50,15.72,177.50,,,,,,
2001.09,1044.64,15.74,178.30,,,,,,
2001.1,1076.59,15.74,177.70,,,,,,
2001.11,1129.68,15.74,177.40,,,,,,
2001.12,1144.93,15.74,176.70,,,,,,
2002.01,1140.21,15.74,177.10,,,,,,
2002.02,1100.67,15.73,177.80,,,,,,
2002.03,1153.79,15.73,178.80,,,,,,
2002.04,1111.93,15.83,179.80,,,,,,
2002.05,1079.25,15.94,179.80,,,,,,
2002.06,1014.02,16.04,179.90,,,,,,
2002.07,903.59,15.96,180.10,,,,,,
2002.08,912.55,15.88,180.70,,,,,,
2002.09,867.81,15.80,181.00,,,,,,
2002.1,854.63,15.89,181.30,,,,,,
2002.11,909.93,15.98,181.30,,,,,,
2002.12,899.18,16.07,180.90,,,,,,
2003.01,895.84,16.12,181.70,,,,,,
2003.02,837.03,16.17,183.10,,,,,,
2003.03,846.63,16.22,184.20,,,,,,
2003.04,890.03,16.20,183.80,,,,,,
2003.05,935.96,16.19,183.50,,,,,,
2003.06,988.00,16.17,183.70,,,,,,
2003.07,992.54,16.31,183.90,,,,,,
2003.08,989.53,16.45,184.60,,,,,,
2003.09,1019.44,16.59,185.20,,,,,,
2003.1,1038.73,16.86,185.00,,,,,,
2003.11,1049.90,17.12,184.50,,,,,,
2003.12,1080.64,17.39,184.30,,,,,,
2004.01,1132.52,17.60,185.20,,,,,,
2004.02,1143.36,17.81,186.20,,,,,,
2004.03,1123.98,18.02,187.40,,,,,,
2004.04,1133.36,18.21,188.00,,,,,,
2004.05,1102.78,18.41,189.10,,,,,,
2004.06,1132.76,18.60,189.70,,,,,,
2004.07,1105.85,18.79,189.40,,,,,,
2004.08,1088.94,18.97,189.50,,,,,,
2004.09,1117.66,19.16,189.90,,,,,,
2004.1,1117.21,19.25,190.90,,,,,,
2004.11,1168.94,19.35,191.00,,,,,,
2004.12,1199.21,19.44,190.30,,,,,,
2005.01,1181.41,19.70,190.70,,,,,,
2005.02,1199.63,19.97,191.80,,,,,,
2005.03,1194.90,20.23,193.30,,,,,,
2005.04,1164.43,20.46,194.60,,,,,,
2005.05,1178.28,20.70,194.40,,,,,,
2005.06,1202.25,20.93,194.50,,,,,,
2005.07,1222.24,21.11,195.40,,,,,,
2005.08,1224.27,21.29,196.40,,,,,,
2005.09,1225.92,21.47,198.80,,,,,,
2005.1,1191.96,21.72,199.20,,,,,,
2005.11,1237.37,21.97,197.60,,,,,,
2005.12,1262.07,22.22,196.80,,,,,,
2006.01,1278.73,22.41,198.30,,,,,,
2006.02,1276.65,22.59,198.70,,,,,,
2006.03,1293.74,22.78,199.80,,,,,,
2006.04,1302.17,23.00,201.50,,,,,,
2006.05,1290.01,23.22,202.50,,,,,,
2006.06,1253.17,23.44,202.90,,,,,,
2006.07,1260.24,23.66,203.50,,,,,,
2006.08,1287.15,23.88,203.90,,,,,,
2006.09,1317.74,24.10,202.90,,,,,,
2006.1,1363.38,24.36,201.80,,,,,,
2006.11,1388.64,24.62,201.50,,,,,,
2006.12,1416.42,24.88,201.80,,,,,,
2007.01,1424.16,25.08,202.416,,,,,,
2007.02,1444.80,25.29,203.499,,,,,,
2007.03,1406.95,25.49,205.352,,,,,,
2007.04,1463.64,25.72,206.686,,,,,,
2007.05,1511.14,25.94,207.949,,,,,,
2007.06,1514.19,26.17,208.352,,,,,,
2007.07,1520.71,26.44,208.299,,,,,,
2007.08,1454.62,26.71,207.917,,,,,,
2007.09,1497.12,26.98,208.49,,,,,,
2007.1,1539.66,27.23,208.936,,,,,,
2007.11,1463.39,27.48,210.177,,,,,,
2007.12,1479.22,27.73,210.036,,,,,,
2008.01,1378.76,27.92,211.08,,,,,,
2008.02,1354.87,28.11,211.693,,,,,,
2008.03,1316.94,28.3,213.528,,,,,,
2008.04,1370.47,28.44,214.823,,,,,,
2008.05,1403.22,28.57,216.632,,,,,,
2008.06,1341.25,28.71,218.815,,,,,,
2008.07,1257.33,28.76,219.964,,,,,,
2008.08,1281.47,28.80,219.086,,,,,,
2008.09,1216.95,28.85,218.783,,,,,,
2008.1,968.8,28.70,216.573,,,,,,
2008.11,883.04,28.54,212.425,,,,,,
2008.12,877.56,28.39,210.228,,,,,,
2009.01,865.58,28.01,211.143,,,,,,
2009.02,805.23,27.64,212.193,,,,,,
2009.03,757.13,27.26,212.709,,,,,,
2009.04,848.15,26.70,213.24,,,,,,
2009.05,902.41,26.15,213.856,,,,,,
2009.06,926.12,25.59,215.693,,,,,,
2009.07,935.82,25.03,215.351,,,,,,
2009.08,1009.73,24.46,215.834,,,,,,
2009.09,1044.55,23.9,215.969,,,,,,
2009.1,1067.66,23.40,216.177,,,,,,
2009.11,1088.07,22.91,216.33,,,,,,
2009.12,1110.38,22.41,215.949,,,,,,
2010.01,1123.58,22.24,216.687,,,,,,
2010.02,1089.16,22.07,216.741,,,,,,
2010.03,1152.05,21.9,217.631,,,,,,
2010.04,1197.32,21.95,218.009,,,,,,
2010.05,1125.06,21.99,218.178,,,,,,
2010.06,1083.36,22.04,217.965,,,,,,
2010.07,1079.8,22.14,218.011,,,,,,
2010.08,1087.28,22.25,218.312,,,,,,
2010.09,1122.08,22.35,218.439,,,,,,
2010.1,1171.58,22.48,218.711,,,,,,
2010.11,1198.89,22.60,218.803,,,,,,
2010.12,1241.53,22.73,219.179,,,,,,
2011.01,1282.62,22.96,220.223,,,,,,
2011.02,1321.12,23.20,221.309,,,,,,
2011.03,1304.49,23.43,223.467,,,,,,
2011.04,1331.51,23.73,224.906,,,,,,
2011.05,1338.31,24.04,225.964,,,,,,
2011.06,1287.29,24.34,225.722,,,,,,
2011.07,1325.19,24.62,225.922,,,,,,
2011.08,1185.31,24.90,226.545,,,,,,
2011.09,1173.88,25.18,226.889,,,,,,
2011.1,1207.22,25.60,226.421,,,,,,
2011.11,1226.42,26.01,226.23,,,,,,
2011.12,1243.32,26.43,225.672,,,,,,
2012.01,1300.58,26.74,226.665,,,,,,
2012.02,1352.49,27.04,227.663,,,,,,
2012.03,1389.24,27.35,229.392,,,,,,
2012.04,1386.43,27.67,230.085,,,,,,
2012.05,1341.27,28.00,229.815,,,,,,
2012.06,1323.48,28.32,229.478,,,,,,
2012.07,1359.78,28.74,229.104,,,,,,
2012.08,1403.45,29.17,230.379,,,,,,
2012.09,1443.42,29.59,231.407,,,,,,
2012.1,1437.82,30.14,231.317,,,,,,
2012.11,1394.51,30.70,230.221,,,,,,
2012.12,1422.29,31.25,229.601,,,,,,
2013.01,1480.4,31.54,230.28,,,,,,
2013.02,1512.31,31.82,232.166,,,,,,
2013.03,1550.83,32.11,232.773,,,,,,
2013.04,1570.7,32.50,232.531,,,,,,
2013.05,1639.84,32.88,232.945,,,,,,
2013.06,1618.77,33.27,233.504,,,,,,
2013.07,1668.68,33.65,233.596,,,,,,
2013.08,1670.09,34.02,233.877,,,,,,
2013.09,1687.17,34.4,234.149,,,,,,
2013.1,1720.03,34.60,233.546,,,,,,
2013.11,1783.54,34.79,233.069,,,,,,
2013.12,1807.78,34.99,233.049,,,,,,
2014.01,1822.36,35.40,233.916,,,,,,
2014.02,1817.04,35.82,234.781,,,,,,
2014.03,1863.52,36.23,236.293,,,,,,
2014.04,1864.26,36.61,237.072,,,,,,
2014.05,1889.77,37.00,237.9,,,,,,
2014.06,1947.09,37.38,238.343,,,,,,
2014.07,1973.1,37.75,238.25,,,,,,
2014.08,1961.53,38.12,237.852,,,,,,
2014.09,1993.23,38.49,238.031,,,,,,
2014.1,1937.27,38.81,237.433,,,,,,
2014.11,2044.57,39.12,236.151,,,,,,
2014.12,2054.27,39.44,234.812,,,,,,
2015.01,2028.18,39.90,233.707,,,,,,
2015.02,2082.2,40.35,234.722,,,,,,
2015.03,2079.99,40.81,236.119,,,,,,
2015.04,2094.86,41.12,236.599,,,,,,
2015.05,2111.94,41.43,237.805,,,,,,
2015.06,2099.29,41.74,238.638,,,,,,
2015.07,2094.14,42.00,238.654,,,,,,
2015.08,2039.87,42.25,238.316,,,,,,
2015.09,1944.41,42.51,237.945,,,,,,
2015.1,2024.81,42.80,237.838,,,,,,
2015.11,2080.62,43.10,237.336,,,,,,
2015.12,2054.08,43.39,236.525,,,,,,
2016.01,1918.6,43.55,236.916,,,,,,
2016.02,1904.42,43.72,237.111,,,,,,
2016.03,2021.95,43.88,238.132,,,,,,
2016.04,2075.54,44.07,239.261,,,,,,
2016.05,2065.55,44.27,240.236,,,,,,
2016.06,2083.89,44.46,240.724,,,,,,
2016.07,2102.95,,240.967,,,,,,
